g__genera,SAMN13509470,SAMN12711663,SAMN11381136,SAMEA5814138,SAMEA4859549,SAMEA2581908,SAMN08628034,SAMN07521778,SAMN07336929,SAMEA2581973,SAMEA5814464,SAMN00792063,159288231-stool1,SAMEA3665213,SAMN03922500
Abiotrophia,0.0,0.0,0.0,0.0,0.0,0.0,0.0,0.0,0.0,0.0,0.0,0.0,0.0,0.0,0.0
Absicoccus,0.0,0.0003421142661648048,0.0,0.0,0.0,0.0,0.0,0.0,0.0,0.0,0.0,0.0,0.0,0.0,0.0
Acetanaerobacterium,0.0,0.0,0.0,0.0,0.0,0.0,0.0,0.0,0.0,0.0,0.0,0.0,0.0,0.0,0.0
Acetatifactor,0.00019817677368202548,0.0006842285323297156,0.0,0.006076186024772089,0.0014705882352940966,0.003379329766263028,0.0,0.058728230052652965,0.01942663145982659,0.0013599274705348306,0.015897047691143137,0.007624857033930617,0.0020679931066896035,0.0,0.0
Acetatifactor.Coprococcus,0.0,0.0,0.0,0.0,0.0,0.0,0.0,0.0,0.0,0.0,0.0,0.0,0.0,0.0,0.0
Acetivibrio_A,0.0,0.0,0.0,0.0,0.0,0.0,0.0,0.0,0.0,0.0,0.0,0.0,0.0,0.0,0.0
Acetobacter,0.0,0.0,0.0,0.0,0.0,0.0,0.0,0.0,0.0,0.0,0.0,0.0,0.0,0.0,0.0
Acetomicrobium,0.0,0.0,0.0,0.0,0.0,0.0,0.0,0.0,0.0,0.0,0.0,0.0,0.0,0.0,0.0
Achromobacter,0.0,0.0,0.0,0.0,0.0,0.0,0.0,0.0,0.0,0.0,0.0,0.0,0.0,0.0,0.0
Acidaminococcus,0.06103844629409467,0.0,0.0,0.0,0.0,0.0,0.0,0.0,0.0,0.0,0.0,0.0,0.0,0.000772200772200732,0.0
Acidipropionibacterium,0.0,0.0,0.0,0.0,0.0,0.0,0.0,0.0,0.0,0.0,0.0,0.0,0.0,0.0,0.0
Acidovorax,0.0,0.0,0.0,0.0,0.0,0.0,0.0,0.0,0.0,0.0,0.0,0.0,0.0,0.0,0.0
Acidovorax_A,0.0,0.0,0.0,0.0,0.0,0.0,0.0,0.0,0.0,0.0,0.0,0.0,0.0,0.0,0.0
Acidovorax_C,0.0,0.0,0.0,0.0,0.0,0.0,0.0,0.0,0.0,0.0,0.0,0.0,0.0,0.0,0.0
Acinetobacter,0.0,0.0,0.0,0.0,0.0,0.0,0.0,0.0,0.0,0.0,0.0,0.0,0.0,0.0,0.0
Actinobaculum,0.0,0.0,0.0,0.0,0.0,0.0,0.0,0.0,0.0,0.0,0.0,0.0,0.0,0.0,0.0
Actinomyces,0.00039635354736415406,0.0,0.0,0.00023369946249118508,0.0,0.0,0.0,0.0,0.0,0.0,0.0,0.0,3.133322888923708e-05,0.0,0.0
Actinoplanes,0.0,0.0,0.0,0.0,0.0,0.0,0.0,0.0,0.0,0.0,0.0,0.0,0.0,0.0,0.0
Actinotignum,0.0,0.0,0.0,0.0,0.0,0.0,0.0,0.0,0.0,0.0,0.0,0.0,0.0,0.0,0.0
Acutalibacter,0.0,0.0,0.0,0.003972890862350998,0.0,0.0,0.0,0.003240178209801477,0.0003772161448509519,0.0,0.0,0.0011437285550895215,3.133322888923708e-05,0.0,0.0
Adlercreutzia,0.0,0.0,0.0,0.0014021967749474297,0.0,0.0002816108138551677,0.0,0.0,0.0003772161448509519,0.0,0.00037850113550334547,0.00038124285169647073,0.00031333228889229793,0.0,0.0
Aerococcus,0.0,0.0,0.0,0.0,0.0,0.0008448324415657063,0.0,0.0,0.0,0.0,0.0,0.0,0.0,0.0,0.0
Aeromonas,0.0,0.0,0.0,0.0,0.0,0.0,0.0,0.0,0.0,0.0,0.0,0.0,0.0,0.0,0.0
Afipia,0.0,0.0,0.0,0.0,0.0,0.0,0.0,0.0,0.0,0.0,0.0,0.0,0.0,0.0,0.0
Agathobacter,0.023384859294490863,0.06294902497434168,0.0524412296564199,0.0007010983874736616,0.008823529411764685,0.017178259645170512,0.0,0.0004050222762251329,0.017351942663146092,0.0009066183136898872,0.0030280090840271844,0.0648112847884104,0.008240639197869321,0.02162162162162172,0.0029216467463478676
Agathobaculum,0.002179944510503311,0.0010263427984946265,0.0036166365280288727,0.005375087637298427,0.0,0.0014080540692762448,0.0,0.0004050222762251329,0.00018860807242542354,0.0009066183136898872,0.00037850113550334547,0.004193671368661834,0.0008459971800094022,0.001544401544401464,0.0021248339973438846
Aggregatibacter,0.0,0.0,0.0,0.0,0.0,0.0,0.0,0.0,0.0,0.0,0.0,0.0,0.0,0.0,0.0
Agreia,0.0,0.0,0.0,0.0,0.0,0.0,0.0,0.0,0.0,0.0,0.0,0.0,0.0,0.0,0.0
Agrobacterium,0.0,0.0,0.0,0.0,0.0,0.0,0.0,0.0,0.0,0.0,0.0,0.0,0.0,0.0,0.0
Agrococcus,0.0,0.0,0.0,0.0,0.0,0.0,0.0,0.0,0.0,0.0,0.0,0.0,0.0,0.0,0.0
Akkermansia,0.0,0.0,0.0,0.03809301238607179,0.0,0.0,0.0,0.0008100445524503693,0.017917766880422573,0.0,0.017411052233156837,0.0,0.007676641077863017,0.00308880308880303,0.11447543160690613
Alcaligenes,0.0,0.0,0.0,0.0,0.0,0.0,0.0,0.0,0.0,0.0,0.0,0.0,0.0,0.0,0.0
Alcanivorax,0.0,0.0,0.0,0.0,0.0,0.0,0.0,0.0,0.0,0.0,0.0,0.0,0.0,0.0,0.0
Algoriella,0.0,0.0,0.0,0.0,0.0,0.0,0.0,0.0,0.0,0.0,0.0,0.0,0.0,0.0,0.0
Aliarcobacter,0.0,0.0,0.0,0.0,0.0,0.0,0.0,0.0,0.0,0.0,0.0,0.0,0.0,0.0,0.0
Alicycliphilus,0.0,0.0,0.0,0.0,0.0,0.0,0.0,0.0,0.0,0.0,0.0,0.0,0.0,0.0,0.0
Aliicoccus,0.0,0.0,0.0,0.0,0.0,0.0,0.0,0.0,0.0,0.0,0.0,0.0,0.0,0.0,0.0
Alishewanella,0.0,0.0,0.0,0.0,0.0,0.0,0.0,0.0,0.0,0.0,0.0,0.0,0.0,0.0,0.0
Alistipes,0.0,0.003079028395484092,0.014466546112115813,0.019630754849264017,0.0,0.018304702900591486,0.0,0.006075334143377822,0.02621652206714456,0.0045330915684496376,0.05412566237698744,0.008006099885627086,0.09396835343882215,0.009266409266409295,0.05498007968127504
Alistipes_A,0.00039635354736415406,0.0,0.0,0.00046739892498237016,0.0,0.006758659532526056,0.0,0.0,0.0037721614485099384,0.0009066183136898872,0.0011355034065101417,0.009149828440716717,0.007676641077863017,0.0,0.003452855245683891
Alkalibacterium,0.0,0.0,0.0,0.0,0.0,0.0,0.0,0.0,0.0,0.0,0.0,0.0,0.0,0.0,0.0
Alkalihalobacillus,0.0,0.0,0.0,0.0,0.0,0.0,0.0,0.0,0.0,0.0,0.0,0.0,0.0,0.0,0.0
Alkaliphilus_B,0.0,0.0,0.0,0.0,0.0,0.0,0.0,0.0,0.0,0.0,0.0,0.0,0.0,0.0,0.0
Allisonella,0.0,0.0,0.0,0.0,0.0014705882352940966,0.0,0.0,0.0,0.0,0.0,0.0,0.0,0.0002506658311137967,0.0,0.0
Allobaculum,0.0,0.0,0.0,0.0,0.0,0.0,0.0,0.0,0.0,0.0,0.0,0.0,0.0,0.0,0.0
Alloprevotella,0.0,0.0,0.0,0.0,0.0,0.0,0.0,0.0,0.0,0.0,0.0,0.0,3.133322888923708e-05,0.0,0.0
Alloscardovia,0.0,0.0,0.0,0.0,0.0,0.0,0.0,0.0,0.0,0.0,0.0,0.0,0.0,0.0,0.0
Allosphingosinicella,0.0,0.0,0.0,0.0,0.0,0.0,0.0,0.0,0.0,0.0,0.0,0.0,0.0,0.0,0.0
Alterileibacterium,0.0,0.0,0.0,0.0,0.0,0.0,0.0,0.0,0.0,0.0,0.0,0.0,0.0,0.0,0.0
AM51.8,0.001387237415774797,0.0,0.0,0.0,0.0,0.000563221627710437,0.0,0.0,0.0007544322897019038,0.0,0.0,0.0,0.0,0.0,0.0
Amedibacillus,0.0,0.0,0.0,0.0,0.0,0.0,0.0,0.0,0.0,0.0,0.0,0.0007624857033930508,3.133322888923708e-05,0.0,0.0
Amedibacterium,0.0,0.0,0.0,0.0,0.0,0.0,0.0,0.0,0.0,0.0,0.0,0.0,0.0,0.0,0.0
Aminobacter,0.0,0.0,0.0,0.0,0.0,0.0,0.0,0.0,0.0,0.0,0.0,0.0,0.0,0.0,0.0
Amulumruptor,0.0,0.0,0.0,0.0,0.0,0.0,0.0,0.0,0.0,0.0,0.0,0.0,0.0,0.0,0.0
Amycolatopsis,0.0,0.0,0.0,0.0,0.0,0.0,0.0,0.0,0.0,0.0,0.0,0.0,0.0,0.0,0.0
An172,0.0,0.0,0.0,0.00023369946249118508,0.0,0.0,0.0,0.0,0.0,0.0,0.0,0.0,0.0,0.0,0.0
An23,0.0,0.0,0.0,0.0,0.0,0.0,0.0,0.0,0.0,0.0,0.0,0.0,0.0,0.0,0.0
Anaerobacillus_A,0.0,0.0,0.0,0.0,0.0,0.0,0.0,0.0,0.0,0.0,0.0,0.0,0.0,0.0,0.0
Anaerobiospirillum,0.0,0.0,0.0,0.0,0.0,0.0,0.0,0.0,0.0,0.0,0.0,0.0,0.0,0.0,0.0
Anaerobutyricum,0.0029726516052318254,0.0,0.0036166365280288727,0.006076186024772089,0.0014705882352940966,0.007603491974091762,0.0,0.0,0.0003772161448509519,0.0004533091568449436,0.006434519303557924,0.016012199771254284,0.0007206642644523998,0.000772200772200732,0.00026560424966795933
Anaerococcus,0.0,0.0,0.0,0.0,0.0,0.0,0.0,0.0,0.0,0.0,0.0,0.0,0.0,0.0,0.0
Anaerocolumna,0.0,0.0,0.0,0.0,0.0,0.0,0.0,0.0,0.0,0.0,0.0,0.0,0.0,0.0,0.0
Anaerofustis,0.0,0.0,0.0,0.0,0.0,0.0,0.0,0.0,0.0,0.0,0.0,0.0,3.133322888923708e-05,0.0,0.0
Anaeroglobus,0.0,0.0,0.0,0.0,0.0,0.0,0.0,0.0,0.0,0.0,0.0,0.0,0.0,0.0,0.0
Anaeromassilibacillus,0.00019817677368202548,0.0,0.0,0.011451273662070622,0.0,0.0,0.0,0.0004050222762251329,0.0003772161448509519,0.0,0.00037850113550334547,0.0,0.0003446655177816006,0.0,0.000796812749003983
Anaeromusa,0.0,0.0,0.0,0.0,0.0,0.0,0.0,0.0,0.0,0.0,0.0,0.0,0.0,0.0,0.0
Anaerosacchariphilus,0.0,0.0013684570646595373,0.0,0.0,0.0,0.0,0.0,0.0,0.0,0.0,0.0,0.0,6.266645777847427e-05,0.0,0.0
Anaerosalibacter,0.0,0.0,0.0,0.0,0.0,0.0,0.0,0.0,0.0,0.0,0.0,0.0,0.0,0.0,0.0
Anaerosphaera,0.0,0.0,0.0,0.0,0.0,0.0,0.0,0.0,0.0,0.0,0.0,0.0,0.0,0.0,0.0
Anaerosporobacter,0.0,0.0,0.0,0.0,0.0,0.0,0.0,0.0,0.0,0.0,0.0,0.0,0.0,0.0,0.0
Anaerostipes,0.021403091557669576,0.0,0.007233273056057853,0.0014021967749474297,0.005882352941176386,0.014080540692762652,0.0,0.0008100445524503693,0.007355714824594453,0.0009066183136898872,0.014004542013626095,0.00038124285169647073,0.0016919943600188043,0.00308880308880303,0.0005312084993359187
Anaerotignum,0.00019817677368202548,0.0,0.0,0.00023369946249118508,0.0014705882352940966,0.000563221627710437,0.0,0.0012150668286755022,0.0,0.0013599274705348306,0.00037850113550334547,0.009531071292413297,0.0015666614444618018,0.0,0.0
Anaerotruncus,0.0,0.0,0.0,0.0007010983874736616,0.0,0.0,0.0,0.0,0.00018860807242542354,0.0,0.0011355034065101417,0.0019062142584825722,0.00018799937333539957,0.0,0.0
Anaerovibrio,0.0,0.0,0.0,0.0,0.0,0.0,0.0,0.0,0.0,0.0,0.0,0.0,0.0,0.0,0.0
Aneurinibacillus,0.0,0.0,0.0,0.0,0.0,0.0,0.0,0.0,0.0,0.0,0.0,0.0,0.0,0.0,0.0
Angelakisella,0.0,0.023263770099213193,0.0018083182640143826,0.0,0.0,0.0,0.0,0.0,0.0,0.0,0.00037850113550334547,0.0,0.0,0.000772200772200732,0.0
Anoxybacillus,0.0,0.0,0.0,0.0,0.0,0.0,0.0,0.0,0.0,0.0,0.0,0.0,0.0,0.0,0.0
Apilactobacillus,0.0,0.0,0.0,0.0,0.0,0.0,0.0,0.0,0.0,0.0,0.0,0.0,0.0,0.0,0.0
Aquabacterium,0.0,0.0,0.0,0.0,0.0,0.0,0.0,0.0,0.0,0.0,0.0,0.0,0.0,0.0,0.0
Arabia,0.0,0.0,0.0,0.0007010983874736616,0.0,0.0,0.0,0.0,0.0,0.0,0.0,0.0,6.266645777847427e-05,0.0,0.0
Arachnia,0.0,0.0,0.0,0.0,0.0,0.0,0.0,0.0,0.0,0.0,0.0,0.0,0.0,0.0,0.0
Arcanobacterium,0.0,0.0,0.0,0.0,0.0,0.0,0.0,0.0,0.0,0.0,0.0,0.0,0.0,0.0,0.0
Arcanobacterium_A,0.0,0.0,0.0,0.0,0.0,0.0,0.0,0.0,0.0,0.0,0.0,0.0,0.0,0.0,0.0
Arthrobacter_B,0.0,0.0,0.0,0.0,0.0,0.0,0.0,0.0,0.0,0.0,0.0,0.0,0.0,0.0,0.0
Asaccharospora,0.0,0.0,0.0,0.0,0.0,0.0,0.0,0.0,0.0,0.0,0.0,0.0,0.0,0.0,0.0
Atlantibacter,0.0,0.0,0.0,0.0,0.0,0.0,0.0,0.0,0.0,0.0,0.0,0.0,0.0,0.0,0.0
Atopobium,0.0,0.0,0.0,0.0,0.0,0.0,0.0,0.0,0.0,0.0,0.0,0.0,0.0,0.0,0.0
Aureimonas,0.0,0.0,0.0,0.0,0.0,0.0,0.0,0.0,0.0,0.0,0.0,0.0,0.0,0.0,0.0
Azonexus,0.0,0.0,0.0,0.0,0.0,0.0,0.0,0.0,0.0,0.0,0.0,0.0,0.0,0.0,0.0
Azotobacter,0.0,0.0,0.0,0.0,0.0,0.0,0.0,0.0,0.0,0.0,0.0,0.0,0.0,0.0,0.0
Bacillus,0.0,0.0,0.0,0.0,0.0,0.0,0.0,0.0,0.0,0.0,0.0,0.0,0.0,0.0,0.0
Bacillus_A,0.0,0.0,0.0,0.0,0.0,0.0002816108138551677,0.0,0.0,0.0,0.0,0.0,0.0,0.0,0.0,0.0
Bacillus_BN,0.0,0.0,0.0,0.0,0.0,0.0,0.0,0.0,0.0,0.0,0.0,0.0,0.0,0.0,0.0
Bacillus_H,0.0,0.0,0.0,0.0,0.0,0.0,0.0,0.0,0.0,0.0,0.0,0.0,0.0,0.0,0.0
Bacillus_J,0.0,0.0,0.0,0.0,0.0,0.0,0.0,0.0,0.0,0.0,0.0,0.0,0.0,0.0,0.0
Bacillus_M,0.0,0.0,0.0,0.0,0.0,0.0,0.0,0.0,0.0,0.0,0.0,0.0,0.0,0.0,0.0
Bacteroides,0.06837098692033333,0.10263427984947017,0.027124773960217136,0.009347978499649424,0.0,0.03435651929034092,0.027370749239701404,0.6512758201701111,0.046208977744247634,0.0815956482320945,0.3031794095382309,0.14868471216164764,0.12270092433025251,0.026254826254826315,0.3099601593625509
Bacteroides_D,0.0,0.0,0.0,0.0,0.0,0.0,0.0,0.0,0.0,0.0,0.0,0.0,0.0,0.0,0.0
Bacteroides_F,0.0,0.0,0.009041591320072343,0.0,0.0,0.0,0.0,0.0,0.0,0.0,0.0,0.0,0.0,0.0,0.0
Bariatricus,0.00515259611573524,0.008894970920287362,0.0018083182640143826,0.0044402897873334745,0.0014705882352940966,0.000563221627710437,0.0,0.0,0.0,0.0004533091568449436,0.0018925056775170427,0.0,0.001409995300015601,0.000772200772200732,0.0
Barnesiella,0.0,0.0,0.0036166365280288727,0.0011684973124561381,0.0,0.000563221627710437,0.0,0.0004050222762251329,0.006789890607317973,0.0,0.031794095382286384,0.0,0.0,0.0046332046332045965,0.006905710491367888
Bartonella,0.0,0.0,0.0,0.0,0.0,0.0,0.0,0.0,0.0,0.0,0.0,0.0,0.0,0.0,0.0
Basfia,0.0,0.0,0.0,0.0,0.0,0.0,0.0,0.0,0.0,0.0,0.0,0.0,0.0,0.0,0.0
Bavariicoccus,0.0,0.0,0.0,0.0,0.0,0.0,0.0,0.0,0.0,0.0,0.0,0.0,0.0,0.0,0.0
Beduini,0.0,0.0,0.0,0.0,0.0,0.0,0.0,0.0,0.0,0.0,0.0,0.0,0.0,0.0,0.0
Bifidobacterium,0.004756242568370982,0.01710571330824501,0.0,0.0,0.0044117647058822896,0.0019712756969866817,0.09704174730439596,0.0004050222762251329,0.0018860807242549692,0.0004533091568449436,0.021953065859197714,0.0019062142584825722,0.0017546608177972016,0.003861003861003864,0.012749003984063832
Bilophila,0.001387237415774797,0.0003421142661648048,0.0,0.00023369946249118508,0.0,0.0008448324415657063,0.0,0.0,0.00018860807242542354,0.0009066183136898872,0.0015140045420135922,0.00038124285169647073,9.399968666771145e-05,0.0,0.0021248339973438846
Bittarella,0.0,0.0,0.0,0.0,0.0,0.0,0.0,0.0,0.0,0.0,0.0,0.0,0.00021933260222459813,0.0,0.0
Blastomonas,0.0,0.0,0.0,0.0,0.0,0.0,0.0,0.0,0.0,0.0,0.0,0.0,0.0,0.0,0.0
Blautia,0.0009908838684105398,0.0,0.0018083182640143826,0.011918672587053099,0.0,0.0011264432554209756,0.0,0.0004050222762251329,0.0,0.0,0.0,0.0015249714067861015,3.133322888923708e-05,0.0,0.0
Blautia_A,0.039437177962742966,0.0013684570646595373,0.03254972875226061,0.023837345174106305,0.005882352941176386,0.005632216277104979,0.0,0.003645200486026714,0.0056582421727650115,0.010879419764279252,0.012490537471612504,0.017918414029736967,0.004292652357825408,0.0046332046332045965,0.005046480743691857
Bordetella,0.0,0.0,0.0,0.0,0.0,0.0,0.0,0.0,0.0,0.0,0.0,0.0,0.0,0.0,0.0
Borkfalkia,0.0,0.0,0.0,0.0,0.0,0.0,0.0,0.0,0.0,0.0,0.00037850113550334547,0.0,0.0,0.0,0.0
Bosea,0.0,0.0,0.0,0.0,0.0,0.0,0.0,0.0,0.0,0.0,0.0,0.0,0.0,0.0,0.0
Brachybacterium,0.0,0.0,0.0,0.0,0.0,0.0,0.0,0.0,0.0,0.0,0.0,0.0,0.0,0.0,0.0
Brachyspira,0.0,0.0,0.0,0.006309885487263381,0.0,0.0,0.0,0.0,0.0,0.0,0.0,0.0,0.0,0.0,0.0
Bradyrhizobium,0.0,0.0003421142661648048,0.0,0.0,0.0,0.0,0.0,0.0,0.0,0.0,0.0,0.0,0.0,0.0,0.0
Brevibacillus,0.0,0.0,0.0,0.0,0.0,0.0,0.0,0.0,0.0,0.0,0.0,0.0,0.0,0.0,0.0
Brevibacillus_B,0.0,0.0,0.0,0.0,0.0,0.0,0.0,0.0,0.0,0.0,0.0,0.0,0.0,0.0,0.0
Brevibacterium,0.0,0.0,0.0,0.0,0.0,0.0,0.0,0.0,0.0,0.0,0.0,0.0,0.0,0.0,0.0
Brevundimonas,0.0,0.0,0.0,0.0,0.0,0.0,0.0,0.0,0.0,0.0,0.0,0.0,0.0,0.0,0.0
Brochothrix,0.0,0.0,0.0,0.0,0.0,0.0,0.0,0.0,0.0,0.0,0.0,0.0,0.0,0.0,0.0
Brooklawnia,0.0,0.0,0.0,0.0,0.0,0.0,0.0,0.0,0.0,0.0,0.0,0.0,0.0,0.0,0.0
Brucella,0.0,0.0,0.0,0.0,0.0,0.0,0.0,0.0,0.0,0.0,0.0,0.0,0.0,0.0,0.0
Buchnera,0.0,0.0,0.0,0.0,0.0,0.0,0.0,0.0,0.0,0.0,0.0,0.0,0.0,0.0,0.0
Bulleidia,0.0,0.0,0.0,0.0,0.002941176470588193,0.0,0.0,0.0,0.0,0.0,0.0,0.0,0.0,0.0,0.0
Burkholderia,0.0,0.0,0.0,0.0,0.0,0.0,0.0,0.0,0.0,0.0,0.0,0.0,0.0,0.0,0.0
Buttiauxella,0.0,0.0,0.0,0.0,0.0,0.0,0.0,0.0,0.0,0.0,0.0,0.0,0.0,0.0,0.0
Butyricicoccus,0.0,0.0,0.0,0.0,0.0,0.0,0.0,0.0,0.0,0.0,0.0,0.0,0.0,0.0,0.0
Butyricicoccus_A,0.0,0.0,0.0,0.0,0.0,0.0,0.0,0.0,0.0,0.0,0.0,0.0,0.0,0.000772200772200732,0.0
Butyricimonas,0.0,0.0,0.0,0.00023369946249118508,0.0,0.009011546043368108,0.0,0.0,0.0016974726518294407,0.009972801450589265,0.0011355034065101417,0.0,0.0012533291555693999,0.000772200772200732,0.005843293492695841
Butyrivibrio,0.0,0.0,0.0,0.0,0.0,0.0,0.0,0.0,0.0,0.0,0.0,0.0,0.0,0.0,0.0
Butyrivibrio_A,0.0,0.0,0.0,0.0,0.0,0.0,0.0,0.0,0.0,0.0,0.0,0.0,0.0,0.0,0.0
CABIZH01,0.0,0.0,0.0,0.0,0.0,0.0,0.0,0.0,0.0,0.0,0.0,0.0,0.0,0.0,0.0
Caecibacter,0.004756242568370982,0.0013684570646595373,0.0,0.0,0.0014705882352940966,0.0011264432554209756,0.0002764722145423674,0.0,0.0,0.0,0.0,0.0,0.0,0.0,0.0
CAG.1000,0.0,0.0,0.0,0.0,0.0,0.0,0.0,0.0,0.0,0.0,0.00037850113550334547,0.0,0.0,0.0,0.0
CAG.1024,0.0,0.0,0.0,0.0,0.0,0.0,0.0,0.0,0.0,0.0,0.0,0.0,0.0,0.0,0.0
CAG.103,0.0,0.003079028395484092,0.005424954792043363,0.0,0.0,0.001689664883131514,0.0,0.0,0.0030177291588079297,0.0,0.0037850113550340855,0.0,0.01930126899577005,0.0,0.0
CAG.1031,0.0,0.0,0.0,0.0,0.0,0.0,0.0,0.0,0.0,0.0,0.0,0.0,0.0,0.0,0.0
CAG.110,0.0,0.0,0.019891500904159285,0.004673989249824659,0.0,0.000563221627710437,0.0,0.0,0.0009430403621274321,0.0,0.00037850113550334547,0.0,0.0,0.007722007722007728,0.0018592297476759253
CAG.1138,0.0,0.0,0.0,0.0,0.0,0.0,0.0,0.0,0.0,0.0,0.0,0.0,0.0,0.0,0.0
CAG.115,0.0,0.0,0.0,0.0,0.0,0.0,0.0,0.0004050222762251329,0.0003772161448509519,0.0,0.0011355034065101417,0.0,0.0,0.0,0.0005312084993359187
CAG.1193,0.0,0.0,0.0036166365280288727,0.0,0.0,0.0,0.0,0.0,0.0,0.0,0.0,0.0,0.0,0.0,0.0
CAG.127,0.0,0.0,0.005424954792043363,0.0,0.0014705882352940966,0.006758659532526056,0.0,0.0,0.012259524707657562,0.0,0.0007570022710067961,0.00038124285169647073,0.0010653297822340005,0.0,0.0029216467463478676
CAG.1427,0.0,0.0003421142661648048,0.0036166365280288727,0.019397055386772725,0.0,0.0008448324415657063,0.0,0.0,0.0,0.0,0.0007570022710067961,0.0,0.0,0.000772200772200732,0.0
CAG.1435,0.0,0.0,0.0,0.0,0.0,0.0,0.0,0.0,0.0,0.0,0.0,0.0,0.0,0.0,0.0
CAG.145,0.0,0.0,0.0,0.0037391913998597063,0.0,0.0,0.0,0.0004050222762251329,0.0028291210863825057,0.0,0.013247539742619299,0.0,0.00037599874667079914,0.0,0.00026560424966795933
CAG.170,0.0,0.06294902497434168,0.010849909584086834,0.0030380930123860444,0.0,0.003942551393973465,0.0,0.0008100445524503693,0.009053187476423998,0.0,0.02876608629825909,0.0,0.0008459971800094022,0.00308880308880303,0.0
CAG.177,0.0,0.0,0.0,0.0,0.002941176470588193,0.03914390312588029,0.0,0.0,0.038476046774802125,0.0,0.00037850113550334547,0.00038124285169647073,0.0,0.0023166023166022983,0.0
CAG.180,0.0,0.0,0.02531645569620265,0.0,0.008823529411764685,0.0,0.0,0.0,0.0,0.0004533091568449436,0.00037850113550334547,0.0,0.0017233275889080029,0.01081081081081086,0.0
CAG.194,0.0,0.0,0.0,0.0,0.0,0.0,0.0,0.0,0.0,0.0,0.0,0.0,6.266645777847427e-05,0.0,0.0
CAG.196,0.0,0.0,0.0,0.0,0.0,0.0,0.0,0.0,0.0,0.0,0.0,0.0,0.0,0.0,0.0
CAG.217,0.0,0.0013684570646595373,0.0,0.008179481187193288,0.0014705882352940966,0.0,0.0,0.0,0.0,0.0027198549410697628,0.00037850113550334547,0.0,0.008522638257872419,0.000772200772200732,0.003984063745019915
CAG.238,0.0,0.0,0.0,0.0,0.0,0.0,0.0,0.0,0.006035458317615964,0.0,0.0,0.0,0.0,0.001544401544401464,0.0
CAG.245,0.0,0.0,0.0018083182640143826,0.0,0.0,0.012390875809631136,0.0,0.0,0.0,0.0,0.0,0.0,0.0,0.0,0.0
CAG.267,0.0,0.0,0.007233273056057853,0.0,0.0,0.0,0.0,0.0,0.0,0.0,0.0,0.0,0.0,0.0,0.004515272244355833
CAG.269,0.0,0.0,0.0018083182640143826,0.030147230661369685,0.0,0.0,0.0,0.0,0.0007544322897019038,0.0,0.008327024981074968,0.0,0.0,0.013127413127413157,0.0
CAG.272,0.0,0.0,0.0,0.0,0.0,0.0,0.0,0.0,0.0,0.0,0.0,0.0,0.0,0.0,0.0
CAG.273,0.0,0.0,0.08499095840868051,0.0,0.0,0.0,0.0,0.0,0.2112410411165603,0.0,0.0026495079485238386,0.0,0.0,0.07027027027027061,0.0
CAG.274,0.0029726516052318254,0.0,0.0,0.0,0.0,0.000563221627710437,0.0,0.0,0.0,0.0022665457842248188,0.0,0.0,0.0,0.001544401544401464,0.00026560424966795933
CAG.279,0.0,0.0,0.0,0.0,0.0014705882352940966,0.03210363277949887,0.0,0.0,0.0,0.0,0.0,0.0022874571101791524,0.0,0.0,0.0
CAG.288,0.0,0.0,0.0,0.0,0.0,0.0,0.0,0.0,0.0016974726518294407,0.0,0.0,0.0,0.0,0.0,0.0
CAG.302,0.0,0.0,0.012658227848101325,0.0,0.0,0.0,0.0,0.0,0.08525084873632634,0.0,0.020817562452687472,0.0,0.007331975560081416,0.017760617760617856,0.0
CAG.303,0.0,0.0,0.0018083182640143826,0.0,0.0,0.0,0.0,0.0,0.0,0.0,0.0,0.0,0.0,0.0,0.0
CAG.306,0.0,0.0,0.0,0.0,0.0,0.0,0.0,0.0,0.0,0.0,0.0,0.0,0.0,0.0,0.0
CAG.307,0.0,0.0,0.0,0.0,0.0,0.0,0.0,0.0,0.0,0.0,0.0,0.0,0.0,0.0,0.0
CAG.312,0.0,0.0,0.0,0.0,0.0,0.0,0.0,0.0012150668286755022,0.0,0.0,0.0,0.0,0.0,0.0046332046332045965,0.0
CAG.313,0.0,0.0,0.009041591320072343,0.0,0.0,0.0,0.0,0.0,0.03809883062995117,0.0,0.0,0.0,0.0008459971800094022,0.0046332046332045965,0.0
CAG.314,0.0,0.0,0.0,0.00023369946249118508,0.0,0.0,0.0,0.0004050222762251329,0.012448132780083089,0.0,0.0,0.0,0.0,0.003861003861003864,0.0
CAG.317,0.0,0.0010263427984946265,0.0018083182640143826,0.006777284412245856,0.0,0.0,0.0,0.0,0.0,0.0,0.0,0.0,0.0,0.0,0.0005312084993359187
CAG.345,0.0,0.00478959972630854,0.0,0.0,0.0,0.0,0.0,0.0008100445524503693,0.0,0.0,0.0,0.0,0.0,0.0,0.0
CAG.349,0.0,0.0,0.0,0.0,0.0,0.0,0.0,0.0008100445524503693,0.0,0.0,0.0,0.0,0.0,0.0,0.0
CAG.353,0.0,0.0,0.0,0.0,0.0,0.0,0.0,0.0,0.0,0.0,0.0,0.0,0.0,0.000772200772200732,0.0
CAG.354,0.0,0.0,0.0,0.04300070109838774,0.0,0.0,0.0,0.0,0.0,0.0,0.0,0.0,0.0,0.0,0.0
CAG.390,0.0,0.0,0.0,0.0,0.0,0.0,0.0,0.0,0.0,0.0,0.0,0.0,0.0,0.0,0.0
CAG.41,0.00039635354736415406,0.0,0.0018083182640143826,0.005141388174807136,0.0,0.002252886510841951,0.0,0.0,0.0003772161448509519,0.0,0.0011355034065101417,0.0,0.0032586558044806063,0.000772200772200732,0.0005312084993359187
CAG.411,0.0,0.0,0.0,0.0,0.0,0.0,0.0,0.0,0.0037721614485099384,0.0,0.0,0.0,0.0,0.0,0.0
CAG.417,0.0,0.0,0.0,0.0,0.0,0.0,0.0,0.0,0.0,0.0,0.0,0.0,0.0,0.030888030888031017,0.0
CAG.433,0.0,0.0,0.0036166365280288727,0.0,0.0,0.0002816108138551677,0.0,0.0,0.0,0.0,0.0,0.0,0.0,0.0,0.0
CAG.448,0.0,0.0,0.0,0.0,0.0,0.0,0.0,0.0,0.0,0.0,0.0,0.0,0.0,0.0,0.0
CAG.449,0.0,0.01436879917892583,0.0,0.0,0.0,0.0,0.0,0.0,0.0,0.0,0.0,0.0,0.0,0.0,0.0
CAG.45,0.0,0.0,0.0,0.0,0.0,0.0,0.0,0.0,0.0003772161448509519,0.0,0.0,0.0,0.0,0.0,0.0
CAG.451,0.0,0.0,0.0,0.0,0.0,0.0,0.0,0.0,0.0,0.0,0.0,0.0,0.0,0.0,0.0
CAG.452,0.0,0.0,0.0,0.0,0.0,0.0,0.0,0.0,0.10298000754432338,0.0,0.0,0.0,0.0,0.0,0.0
CAG.460,0.0,0.0,0.04159132007233295,0.0,0.0,0.0,0.0,0.0,0.0,0.0,0.0,0.0,0.0,0.0818532818532822,0.0
CAG.462,0.0,0.0,0.0,0.0,0.0,0.0,0.0,0.0,0.0,0.0,0.0,0.003049942813572203,0.0,0.0,0.0
CAG.465,0.0,0.0,0.0036166365280288727,0.0,0.0,0.0,0.0,0.0,0.0,0.0,0.0,0.0,0.0,0.0,0.0
CAG.475,0.0,0.0,0.0,0.0,0.0,0.0,0.0,0.0,0.0,0.0,0.0,0.0,0.0,0.0,0.0
CAG.484,0.0,0.0,0.0,0.0,0.0,0.0,0.0,0.0,0.0,0.0,0.0,0.0,0.0,0.0,0.0
CAG.485,0.0,0.0,0.0,0.0,0.0,0.0,0.0,0.0,0.0,0.0,0.0,0.0,0.0,0.0,0.0
CAG.488,0.0,0.0,0.0,0.0,0.0,0.0,0.0,0.0,0.0,0.0,0.0,0.0,0.0,0.0,0.0
CAG.492,0.0,0.0,0.010849909584086834,0.0,0.0,0.0,0.0,0.0,0.0,0.0,0.0,0.0,0.0,0.0,0.0
CAG.495,0.0,0.0,0.0018083182640143826,0.0,0.0,0.0,0.0,0.0008100445524503693,0.0056582421727650115,0.0,0.00037850113550334547,0.0,0.0,0.0,0.0
CAG.510,0.0,0.0,0.0,0.0,0.0,0.0,0.0,0.0,0.0,0.0,0.0,0.0,0.0,0.0,0.0
CAG.521,0.0,0.0,0.0,0.0,0.0,0.0,0.0,0.0,0.0,0.004079782411604695,0.0,0.002668699961875623,0.0,0.0,0.0
CAG.533,0.0,0.0,0.009041591320072343,0.0,0.0,0.0,0.0,0.0,0.0,0.0,0.0,0.0,0.0,0.0,0.0
CAG.552,0.0,0.0,0.0,0.0,0.0,0.0,0.0,0.0,0.0,0.0,0.0,0.0,0.0,0.0,0.0
CAG.557,0.0,0.0,0.0,0.0,0.0,0.0,0.0,0.0,0.0,0.0,0.0,0.0,0.0,0.0,0.0
CAG.56,0.0,0.0,0.0,0.0,0.0,0.0,0.0,0.0,0.0,0.0,0.0,0.0,0.0,0.0,0.0
CAG.568,0.0,0.0003421142661648048,0.0,0.0,0.0,0.0,0.0008294166436273031,0.0,0.0,0.0,0.0,0.0,0.0,0.4154440154440169,0.0
CAG.582,0.0,0.0,0.0018083182640143826,0.0,0.0,0.0,0.0,0.0,0.0,0.0,0.00037850113550334547,0.0,0.0,0.0,0.0
CAG.590,0.0,0.0,0.0,0.0,0.0,0.0,0.0,0.0,0.0,0.0,0.0,0.0,0.0,0.0,0.0
CAG.594,0.0,0.0,0.0,0.0,0.0,0.0,0.0,0.0,0.0,0.0,0.0,0.0,0.0,0.0,0.0
CAG.603,0.0,0.0,0.019891500904159285,0.0,0.0,0.0,0.0,0.0,0.0,0.0,0.0,0.0,0.0,0.0,0.0
CAG.605,0.0,0.0,0.0,0.0,0.0,0.0,0.0,0.0,0.0,0.0,0.0,0.0,0.0,0.0,0.0
CAG.611,0.0,0.0,0.018083182640144795,0.0,0.0,0.0,0.0,0.0,0.0,0.0,0.0,0.0,0.0,0.020077220077220157,0.0
CAG.617,0.0,0.0,0.0,0.0,0.0,0.0,0.0,0.0,0.0,0.0,0.0,0.0,0.0,0.0,0.0
CAG.628,0.0,0.0,0.0018083182640143826,0.0,0.0,0.0,0.0,0.0,0.0,0.0,0.0007570022710067961,0.0,0.0,0.0,0.0
CAG.631,0.0,0.0,0.0,0.0,0.0,0.0,0.0,0.0,0.0005658242172764802,0.0,0.0,0.0,0.0,0.0,0.0
CAG.632,0.0,0.0,0.0,0.0,0.0,0.0,0.0,0.0,0.0,0.0,0.0,0.0,0.0,0.0,0.0
CAG.698,0.0,0.0,0.0,0.0,0.0,0.0,0.0,0.0,0.0,0.0,0.0,0.0,0.0,0.0,0.0
CAG.710,0.0,0.0,0.0,0.0,0.0,0.0,0.0,0.0,0.0,0.0,0.0,0.0,0.0,0.0,0.0
CAG.724,0.0,0.0,0.0,0.0,0.0,0.0,0.0,0.0,0.0,0.0,0.0,0.0,0.0,0.0,0.0
CAG.762,0.0,0.0,0.0,0.0,0.0,0.0,0.0,0.0,0.0,0.0,0.0,0.0,0.0,0.0,0.0
CAG.776,0.0,0.0,0.0,0.0,0.0,0.0,0.0,0.0,0.0,0.0,0.0,0.0,0.0,0.0,0.0
CAG.791,0.0,0.0,0.0,0.0,0.002941176470588193,0.0,0.0,0.0,0.0,0.0,0.0,0.0,0.0,0.0,0.0
CAG.793,0.0,0.0,0.0,0.0,0.0,0.0,0.0,0.0,0.0,0.0,0.0,0.0,0.0,0.01081081081081086,0.0
CAG.81,0.001783590963139054,0.004447485460143629,0.0018083182640143826,0.00023369946249118508,0.0014705882352940966,0.0011264432554209756,0.0,0.0012150668286755022,0.0003772161448509519,0.0018132366273798757,0.0011355034065101417,0.006099885627144406,3.133322888923708e-05,0.000772200772200732,0.003187250996015932
CAG.822,0.0,0.0,0.0,0.00841318064968447,0.0,0.0,0.0,0.0,0.0,0.0,0.0,0.0,0.0,0.0,0.0
CAG.826,0.0,0.0,0.0,0.0,0.0,0.0,0.0,0.0,0.0,0.0,0.0,0.0,0.0,0.0,0.0
CAG.83,0.0005945303210462826,0.01402668491276092,0.010849909584086834,0.01706006076186034,0.0014705882352940966,0.027597859757814865,0.0,0.0,0.0026405130139569776,0.0004533091568449436,0.009084027252081763,0.008006099885627086,0.02553658154472827,0.009266409266409295,0.006374501992031864
CAG.831,0.0,0.0,0.0,0.0,0.0,0.0,0.0,0.0,0.0,0.0,0.0,0.0,0.0,0.0,0.0
CAG.841,0.0,0.0,0.0,0.0,0.0,0.0,0.0,0.0,0.0,0.0,0.0,0.0,0.0,0.0,0.0
CAG.873,0.0,0.0,0.0,0.0,0.0,0.0,0.0,0.0,0.0,0.0,0.0,0.0,0.0,0.0,0.0
CAG.877,0.0,0.0,0.0,0.0,0.0,0.0,0.0,0.0,0.0,0.0,0.0,0.0,0.0,0.0,0.0
CAG.878,0.0,0.0,0.0,0.0,0.0,0.0,0.0,0.0,0.0,0.0,0.0,0.0,0.0,0.0,0.0
CAG.882,0.0,0.0,0.0018083182640143826,0.0,0.0,0.0,0.0,0.0,0.0,0.0,0.0,0.0,0.0,0.0,0.0
CAG.884,0.0,0.0,0.0,0.0,0.0,0.0,0.0,0.0,0.0,0.0,0.0,0.0,0.0,0.0,0.0
CAG.914,0.0,0.0,0.0,0.0,0.0,0.0,0.0,0.0,0.0,0.0,0.0,0.0,0.0,0.0,0.0
CAG.917,0.0,0.0,0.0,0.0,0.0,0.0,0.0,0.0,0.0,0.0,0.0,0.0,0.0,0.0,0.0
CAG.95,0.0,0.0,0.0,0.0,0.0,0.0011264432554209756,0.0,0.0,0.0030177291588079297,0.0,0.0,0.0,0.0,0.0,0.0
CAG.964,0.0,0.0,0.0,0.0,0.0,0.0,0.0,0.0,0.0,0.0,0.0,0.0,0.0,0.0,0.0
CAG.977,0.0,0.0,0.0,0.0,0.0,0.0,0.0,0.0,0.0,0.0,0.0,0.0,0.0,0.0,0.0
CAG.988,0.0,0.0,0.0,0.0,0.0,0.0,0.0,0.0,0.0,0.0,0.0,0.0,0.0,0.0,0.0
Calidithermus,0.0,0.0,0.0,0.0,0.0,0.0,0.0,0.0,0.0,0.0,0.0,0.0,0.0,0.0,0.0
Campylobacter,0.0,0.0,0.0,0.0,0.0,0.0,0.0,0.0,0.0,0.0,0.0,0.0,0.0,0.0,0.0
Campylobacter_A,0.0,0.0,0.0,0.0,0.0,0.0,0.0,0.0,0.0,0.0,0.0,0.0,0.0,0.0,0.0
Campylobacter_B,0.0,0.0,0.0,0.0,0.0,0.0,0.0,0.0,0.0,0.0,0.0,0.0,0.0,0.0,0.0
Campylobacter_D,0.0,0.0,0.0,0.0,0.0,0.0,0.0,0.0,0.0,0.0,0.0,0.0,0.0,0.0,0.0
Capnocytophaga,0.0,0.0,0.0,0.0,0.0,0.0,0.0,0.0,0.0,0.0,0.0,0.0,9.399968666771134e-05,0.0,0.0
Caprobacter,0.0,0.0,0.0,0.0,0.0,0.0,0.0,0.0,0.0,0.0,0.0,0.0,0.0,0.0,0.0
Caproiciproducens,0.0,0.0,0.0,0.0,0.0,0.0,0.0,0.0,0.0,0.0,0.0,0.0,0.0,0.0,0.0
Cardiobacterium,0.00019817677368202548,0.0,0.0,0.0,0.0,0.0,0.0,0.0,0.0,0.0,0.0,0.0,0.0,0.0,0.0
Carnobacterium,0.0,0.0,0.0,0.0,0.0,0.0,0.0,0.0,0.0,0.0,0.0,0.0,0.0,0.0,0.0
Carnobacterium_A,0.0,0.0,0.0,0.0,0.0,0.0,0.0,0.0,0.0,0.0,0.0,0.0,0.0,0.0,0.0
Caryophanon,0.0,0.0,0.0,0.0,0.0,0.0,0.0,0.0,0.0,0.0,0.0,0.0,0.0,0.0,0.0
Catenibacterium,0.0,0.0,0.0,0.0,0.029411764705882457,0.0,0.0,0.0,0.0,0.0,0.0,0.0,0.0,0.0,0.0
Catenibacterium.Roseburia,0.0,0.0,0.0,0.0,0.0,0.0,0.0,0.0,0.0,0.0,0.0,0.0,0.0,0.0,0.0
Catonella,0.0,0.0,0.0,0.0,0.0,0.0,0.0,0.0,0.0,0.0,0.0,0.0,0.0,0.0,0.0
Caulobacter,0.0,0.0,0.0,0.0,0.0,0.0,0.0,0.0,0.0,0.0,0.0,0.0,0.0,0.0,0.0
Cedecea,0.0,0.0,0.0,0.0,0.0,0.0,0.0,0.0,0.0,0.0,0.0,0.0,0.0,0.0,0.0
Cellulomonas,0.0,0.0,0.0,0.0,0.0,0.0,0.0,0.0,0.0,0.0,0.0,0.0,0.0,0.0,0.0
Cellulophaga,0.0,0.0,0.0,0.0,0.0,0.0,0.0,0.0,0.0,0.0,0.0,0.0,0.0,0.0,0.0
Cellulosilyticum,0.0,0.0,0.0,0.0,0.0,0.0,0.0,0.0,0.0,0.0,0.0,0.0,0.0,0.0,0.0
Cellulosimicrobium,0.0,0.0,0.0,0.0,0.0,0.0,0.0,0.0,0.0,0.0,0.0,0.0,0.0,0.0,0.0
Cellvibrio,0.0,0.0,0.0,0.0,0.0,0.0,0.0,0.0,0.0,0.0,0.0,0.0,0.0,0.0,0.0
Centipeda,0.0,0.0,0.0,0.0,0.0,0.0,0.0,0.0,0.0,0.0,0.0,0.0,0.0,0.0,0.0
Cereibacter_A,0.0,0.0,0.0,0.0,0.0,0.0,0.0,0.0,0.0,0.0,0.0,0.0,0.0,0.0,0.0
Cetobacterium,0.0,0.0,0.0,0.0,0.0,0.0,0.0,0.0,0.0,0.0,0.0,0.0,0.0,0.0,0.0
Cetobacterium_A,0.0,0.0,0.0,0.0,0.0,0.0,0.0,0.0,0.0,0.0,0.0,0.0,0.0,0.0,0.0
Chimaeribacter,0.0,0.0,0.0,0.0,0.0,0.0,0.0,0.0,0.0,0.0,0.0,0.0,0.0,0.0,0.0
CHKCI006,0.0,0.0,0.0,0.0,0.0,0.0,0.0,0.0,0.0,0.0,0.0,0.0,0.0,0.0,0.0
Chlamydia,0.0,0.0,0.0,0.0,0.0,0.0,0.0,0.0,0.0,0.0,0.0,0.0,0.0,0.0,0.0
Chlamydophila,0.0,0.0,0.0,0.0,0.0,0.0,0.0,0.0,0.0,0.0,0.0,0.0,0.0,0.0,0.0
Christensenella,0.0,0.0,0.0,0.0018695956999299063,0.0,0.0002816108138551677,0.0,0.0,0.0003772161448509519,0.0,0.0,0.0011437285550895215,0.0009713300955663006,0.0,0.0005312084993359187
Chromohalobacter,0.0,0.0,0.0,0.0,0.0,0.0,0.0,0.0,0.0,0.0,0.0,0.0,0.0,0.0,0.0
Chroococcidiopsis,0.0,0.0,0.0,0.0,0.0,0.0,0.0,0.0,0.0,0.0,0.0,0.0,0.0,0.0,0.0
Chryseobacterium,0.0,0.0,0.0,0.0,0.0,0.0,0.0,0.0,0.0,0.0,0.0,0.0,0.0,0.0,0.0
Citricoccus,0.0,0.0,0.0,0.0,0.0,0.0,0.0,0.0,0.0,0.0,0.0,0.0,0.0,0.0,0.0
Citrobacter,0.0,0.0,0.0,0.0,0.0014705882352940966,0.0,0.0,0.0,0.0,0.0,0.0,0.0,0.0,0.0,0.0
Citrobacter_A,0.0,0.0,0.0,0.0,0.0,0.0,0.0005529444290848352,0.0,0.0,0.0,0.0,0.0,0.0,0.0,0.0
Citrobacter_B,0.0,0.0,0.0,0.0,0.0,0.0,0.0,0.0,0.0,0.0,0.0,0.0,0.0,0.0,0.0
Clavibacter,0.0,0.0,0.0,0.0,0.0,0.0,0.0,0.0,0.0,0.0,0.0,0.0,0.0,0.0,0.0
Cloacibacillus,0.0,0.0,0.0,0.0,0.0,0.0002816108138551677,0.0,0.0,0.0005658242172764802,0.0,0.0,0.0,0.0,0.0,0.0
Cloacibacterium,0.0,0.0,0.0,0.0,0.0,0.0,0.0,0.0,0.0,0.0,0.0,0.0,0.0,0.0,0.0
Clostridioides,0.0,0.0,0.0,0.0,0.0,0.0,0.0,0.0,0.0,0.0,0.0,0.0,0.0,0.0,0.0
Clostridioides_A,0.0,0.0,0.0,0.0,0.0,0.0,0.0,0.0,0.0,0.0,0.0,0.0,0.0,0.0,0.0
Clostridium,0.00019817677368202548,0.0,0.014466546112115813,0.0032717924748772295,0.0014705882352940966,0.0,0.0,0.0,0.0007544322897019038,0.0,0.0,0.0,0.0,0.000772200772200732,0.0
Clostridium_A,0.00019817677368202548,0.0,0.0,0.0007010983874736616,0.0,0.0,0.0,0.0008100445524503693,0.0007544322897019038,0.0,0.0,0.00038124285169647073,0.011091963026789928,0.0,0.00026560424966795933
Clostridium_AA,0.0,0.0,0.0,0.0,0.0,0.0,0.0,0.0,0.0,0.0,0.0,0.0,0.0,0.0,0.0
Clostridium_AN,0.0,0.0,0.0,0.0,0.0,0.0,0.0,0.0,0.0,0.0,0.0,0.0,0.0,0.0,0.0
Clostridium_AP,0.0,0.0,0.0,0.00023369946249118508,0.0,0.0,0.0,0.0004050222762251329,0.00018860807242542354,0.0,0.0,0.002668699961875623,3.133322888923708e-05,0.0,0.0
Clostridium_AQ,0.00019817677368202548,0.0,0.0,0.0,0.0,0.0,0.0,0.0,0.00018860807242542354,0.0,0.0,0.0007624857033930508,9.399968666771134e-05,0.0,0.0
Clostridium_B,0.0,0.0,0.0,0.0,0.0,0.0,0.0,0.0,0.0,0.0,0.0,0.0,0.0,0.0,0.0
Clostridium_E,0.0,0.0,0.0,0.0,0.0,0.0,0.0,0.0,0.0,0.0,0.0,0.0,0.0,0.0,0.0
Clostridium_F,0.0,0.0,0.0,0.0,0.0,0.0,0.0,0.0,0.0,0.0,0.0,0.0,0.0,0.0,0.0
Clostridium_G,0.0,0.0,0.0,0.0,0.0,0.0,0.0,0.0,0.0,0.0,0.0,0.0,0.0,0.0,0.0
Clostridium_J,0.0,0.0,0.0,0.0,0.0,0.0,0.0,0.0,0.0,0.0,0.0,0.0,0.0,0.0,0.0
Clostridium_P,0.022195798652398093,0.0,0.0,0.0,0.0,0.0,0.0,0.0,0.0,0.0,0.0,0.0,0.0,0.0,0.0
Clostridium_Q,0.007530717399920679,0.0010263427984946265,0.0,0.0,0.0014705882352940966,0.001689664883131514,0.0,0.008910490076954165,0.0005658242172764802,0.0018132366273798757,0.0,0.020968356843309277,0.0007206642644523998,0.0,0.007436918990703806
Clostridium_V,0.0,0.0,0.0,0.0,0.0,0.0,0.0,0.0,0.0,0.0,0.0,0.0,0.0,0.0,0.0
Clostridium_X,0.0,0.0,0.0,0.0,0.0,0.0,0.0,0.0,0.0,0.0,0.0,0.0,0.0,0.0,0.0
COE1,0.0,0.0,0.0018083182640143826,0.0,0.0,0.0,0.0,0.0,0.0,0.0,0.0,0.0,0.0,0.0,0.0
Collinsella,0.004558065794688855,0.018132056106739746,0.0036166365280288727,0.01706006076186034,0.002941176470588193,0.0002816108138551677,0.0,0.0,0.0005658242172764802,0.0,0.0011355034065101417,0.01143728555089598,0.0012846623844587027,0.000772200772200732,0.010092961487383818
Collinsella.CAG.110,0.0,0.0,0.0,0.0,0.0,0.0,0.0,0.0,0.0,0.0,0.0,0.0,0.0,0.0,0.0
Comamonas,0.0,0.0,0.0,0.0,0.0,0.0,0.0,0.0,0.0,0.0,0.0,0.0,0.0,0.0,0.0
Comamonas_C,0.0,0.0,0.0,0.0,0.0,0.0,0.0,0.0,0.0,0.0,0.0,0.0,0.0,0.0,0.0
Companilactobacillus,0.0,0.0,0.0,0.0,0.0,0.0,0.0,0.0,0.0,0.0,0.0,0.0,0.0,0.0,0.0
Coprobacillus,0.0,0.0,0.0,0.0,0.0,0.0,0.0,0.0,0.0,0.0,0.0,0.0007624857033930508,0.0,0.000772200772200732,0.00026560424966795933
Coprobacter,0.0,0.0,0.0,0.00023369946249118508,0.0,0.0,0.0,0.0,0.0,0.0,0.0,0.0,0.0,0.0,0.0005312084993359187
Coprococcus,0.0,0.0,0.048824593128390915,0.0,0.002941176470588193,0.05463249788791919,0.0,0.0,0.0005658242172764802,0.0,0.005299015897047677,0.0,0.0,0.007722007722007728,0.000796812749003983
Coprococcus_A,0.0,0.0,0.0018083182640143826,0.0,0.0014705882352940966,0.0,0.0,0.0,0.0003772161448509519,0.0009066183136898872,0.0,0.0,0.0,0.000772200772200732,0.0
Coprothermobacter,0.0,0.0,0.0,0.0,0.0,0.0,0.0,0.0,0.0,0.0,0.0,0.0,0.0,0.0,0.0
Corynebacterium,0.0,0.0,0.0,0.0,0.0,0.0,0.0005529444290848352,0.0,0.0,0.0,0.0,0.00038124285169647073,0.0,0.0,0.0
Criibacterium,0.0,0.0,0.0,0.0,0.0,0.0,0.0,0.0,0.0,0.0,0.0,0.0,0.0,0.0,0.0
Croceibacterium,0.0,0.0,0.0,0.0,0.0,0.0,0.0,0.0,0.0,0.0,0.0,0.0,0.0,0.0,0.0
Cronobacter,0.0,0.0,0.0,0.0,0.0,0.0,0.0,0.0,0.0,0.0,0.0,0.0,0.0,0.0,0.0
Cruoricaptor,0.0,0.0,0.0,0.0,0.0,0.0,0.0,0.0,0.0,0.0,0.0,0.0,0.0,0.0,0.0
Cryptobacterium,0.0,0.0,0.0,0.0,0.0,0.0,0.0,0.0,0.0,0.0,0.0,0.0,0.0,0.0,0.0
Cupriavidus,0.0,0.0,0.0,0.0,0.0,0.0,0.0,0.0,0.0,0.0,0.0,0.0,0.0,0.0,0.0
Curtobacterium,0.0,0.0,0.0,0.0,0.0,0.0,0.0,0.0,0.0,0.0,0.0,0.0,0.0,0.0,0.0
Curvibacter,0.0,0.0,0.0,0.0,0.0,0.0,0.0,0.0,0.0,0.0,0.0,0.0,0.0,0.0,0.0
Cutibacterium,0.0,0.0,0.0,0.0,0.0,0.0,0.0,0.0,0.0,0.0,0.0,0.0,3.133322888923708e-05,0.0,0.0
Cytobacillus,0.0,0.0,0.0,0.0,0.0,0.0,0.0,0.0,0.0,0.0,0.0,0.0,0.0,0.0,0.0
D5,0.0,0.0,0.0,0.0,0.0,0.0,0.0,0.0,0.0,0.0,0.0,0.0,0.0,0.0,0.0
Deinococcus,0.0,0.0,0.0,0.0,0.0,0.0,0.0,0.0,0.0,0.0,0.0,0.0,0.0,0.0,0.0
Dellaglioa,0.0,0.0,0.0,0.0,0.0,0.0,0.0,0.0,0.0,0.0,0.0,0.0,0.0,0.0,0.0
Denitrobacterium,0.0,0.0,0.0,0.0,0.0,0.0,0.0,0.0,0.0,0.0,0.0,0.0,0.0,0.0,0.0
Dermabacter,0.0,0.0,0.0,0.0,0.0,0.0,0.0,0.0,0.0,0.0,0.0,0.0,0.0,0.0,0.0
Dermacoccus,0.0,0.0,0.0,0.0,0.0,0.0,0.0,0.0,0.0,0.0,0.0,0.0,0.0,0.0,0.0
Desulfomicrobium,0.0,0.0,0.0,0.0,0.0,0.0,0.0,0.0,0.0,0.0,0.0,0.0,0.0,0.0,0.0
Desulfotomaculum,0.0,0.0,0.0,0.0,0.0,0.0,0.0,0.0,0.0,0.0,0.0,0.0,0.0,0.0,0.0
Desulfovibrio,0.0,0.0,0.0,0.00771208226221081,0.0,0.0,0.0,0.0,0.0005658242172764802,0.0,0.0,0.004193671368661834,0.0,0.0,0.006905710491367888
Devosia_A,0.0,0.0,0.0,0.0,0.0,0.0,0.0,0.0,0.0,0.0,0.0,0.0,0.0,0.0,0.0
Dialister,0.0,0.04071159767362312,0.007233273056057853,0.0,0.01323529411764708,0.04196001126443279,0.0,0.014985824220332195,0.0,0.0013599274705348306,0.03557910673732047,0.017537171178040496,0.026413911953626867,0.001544401544401464,0.0
Dialister_B,0.0,0.0,0.0,0.0,0.0,0.0,0.0,0.0,0.0,0.0,0.0,0.0,0.0,0.0,0.0
Diaphorobacter,0.0,0.0,0.0,0.0,0.0,0.0,0.0,0.0,0.0,0.0,0.0,0.0,0.0,0.0,0.0
Dickeya,0.0,0.0,0.0,0.0,0.0,0.0,0.0,0.0,0.0,0.0,0.0,0.0,0.0,0.0,0.0
Dielma,0.0,0.0,0.0,0.0,0.0,0.0,0.0,0.0,0.0,0.0,0.0,0.0,6.266645777847427e-05,0.0,0.00026560424966795933
Dietzia,0.0,0.0,0.0,0.0,0.0,0.0,0.0,0.0,0.0,0.0,0.0,0.0,0.0,0.0,0.0
DNF00809,0.0,0.0,0.0,0.0,0.0,0.0,0.0,0.0,0.0,0.0,0.0,0.0,0.0,0.0,0.0
Dolosicoccus,0.0,0.0,0.0,0.0,0.0,0.0,0.0,0.0,0.0,0.0,0.0,0.0,0.0,0.0,0.0
Dolosigranulum,0.0,0.0,0.0,0.0,0.0,0.0,0.0,0.0,0.0,0.0,0.0,0.0,0.0,0.0,0.0
Dorea,0.00237812128418544,0.001710571330824448,0.0036166365280288727,0.0016358962374386147,0.002941176470588193,0.0008448324415657063,0.0,0.0,0.00018860807242542354,0.0009066183136898872,0.0011355034065101417,0.020205871139916228,0.001315995613347901,0.000772200772200732,0.000796812749003983
Dorea_A,0.012286959968291765,0.0013684570646595373,0.009041591320072343,0.0,0.005882352941176386,0.001689664883131514,0.0,0.0016200891049007386,0.0007544322897019038,0.0022665457842248188,0.004542013626040882,0.0038124285169652537,0.002819990600031306,0.001544401544401464,0.001593625498007966
Dorea_B,0.0,0.0,0.0,0.0,0.0,0.0,0.0,0.0,0.0,0.0,0.0,0.0022874571101791524,0.0,0.0,0.0005312084993359187
DTU008,0.0,0.0,0.0,0.0,0.0,0.0,0.0,0.0,0.0,0.0,0.0,0.0,0.0,0.0,0.0
DTU036,0.0,0.0,0.0,0.0,0.0,0.0,0.0,0.0,0.0,0.0,0.0,0.0,0.0,0.0,0.0
DTU065,0.0,0.0,0.0,0.0,0.0,0.0,0.0,0.0,0.0,0.0,0.0,0.0,0.0,0.0,0.0
Dubosiella,0.0,0.0,0.0,0.0,0.0,0.0,0.0,0.0,0.0,0.0,0.0,0.0,0.0,0.0,0.0
Duganella,0.0,0.0,0.0,0.0,0.0,0.0,0.0,0.0,0.0,0.0,0.0,0.0,0.0,0.0,0.0
Duncaniella,0.0,0.0,0.0,0.0,0.0,0.0,0.0,0.0,0.0,0.0,0.0,0.0,0.0,0.0,0.0
Duodenibacillus,0.0,0.00239479986315427,0.0,0.0,0.005882352941176386,0.0,0.0,0.0,0.0,0.007706255666364447,0.0,0.01715592832634391,0.0,0.0,0.0
Dysgonomonas,0.0,0.0,0.0,0.0,0.0,0.0,0.0,0.0,0.0,0.0,0.0,0.0,0.0,0.0,0.0
Dysosmobacter,0.00039635354736415406,0.009237085186452275,0.0,0.0007010983874736616,0.0,0.006477048718670787,0.0,0.012150668286755748,0.0026405130139569776,0.0009066183136898872,0.007948523845571516,0.043842927945101126,0.0074259752467491155,0.0,0.015405046480743742
Edwardsiella,0.0,0.0,0.0,0.0,0.0,0.0,0.0,0.0,0.0,0.0,0.0,0.0,0.0,0.0,0.0
Effusibacillus,0.0,0.0,0.0,0.0,0.0,0.0,0.0,0.0,0.0,0.0,0.0,0.0,0.0,0.0,0.0
Eggerthella,0.00019817677368202548,0.0003421142661648048,0.0,0.00023369946249118508,0.0,0.0,0.010505944152612674,0.0004050222762251329,0.0,0.0004533091568449436,0.00037850113550334547,0.0007624857033930508,0.00015666614444609692,0.0,0.0
Eggerthia,0.0,0.0,0.0,0.0,0.0,0.0,0.0,0.0,0.0,0.0,0.0,0.0,0.0,0.0,0.0
Eikenella,0.0,0.0,0.0,0.0,0.0,0.0,0.0,0.0,0.0,0.0,0.0,0.0,0.0,0.0,0.0
Eisenbergiella,0.0,0.0006842285323297156,0.0036166365280288727,0.0011684973124561381,0.0,0.000563221627710437,0.0,0.0016200891049007386,0.0005658242172764802,0.0,0.0037850113550340855,0.007243614182234036,0.003791320695597607,0.0,0.0013280212483399016
Elizabethkingia,0.0,0.0,0.0,0.0,0.0,0.0,0.0,0.0,0.0,0.0,0.0,0.0,0.0,0.0,0.0
Ellagibacter,0.0,0.0020526855969893593,0.0,0.0,0.0,0.0,0.0,0.0,0.0,0.0,0.0,0.0,0.0,0.0,0.0
Emergencia,0.0,0.0,0.0,0.0,0.0,0.0,0.0,0.0,0.0,0.0,0.0,0.0057186427754479345,0.0,0.0,0.0
Empedobacter,0.0,0.0,0.0,0.0,0.0,0.0,0.0,0.0,0.0,0.0,0.0,0.0,0.0,0.0,0.0
Enorma,0.0,0.0,0.0,0.006076186024772089,0.0,0.0,0.0,0.0,0.0,0.0,0.0,0.0,0.0,0.0,0.0
Enterobacter,0.0,0.0003421142661648048,0.0,0.0,0.0,0.0,0.0008294166436273031,0.0,0.0,0.0,0.0,0.0,0.0,0.0,0.0
Enterobacter_A,0.0,0.0,0.0,0.0,0.0,0.0,0.0,0.0,0.0,0.0,0.0,0.0,0.0,0.0,0.0
Enterobacter_B,0.0,0.0,0.0,0.0,0.0,0.0,0.0,0.0,0.0,0.0,0.0,0.0,0.0,0.0,0.0
Enterobacter_D,0.0,0.0,0.0,0.0,0.0,0.0,0.0,0.0,0.0,0.0,0.0,0.0,0.0,0.0,0.0
Enterocloster,0.017439556084027003,0.0003421142661648048,0.0018083182640143826,0.0,0.0,0.003942551393973465,0.061100359413878966,0.010530579181855007,0.0005658242172764802,0.005439709882139626,0.0011355034065101417,0.03659931376286709,0.00012533291555689836,0.0,0.014873837981407718
Enterococcus,0.0,0.0,0.0,0.0,0.0,0.0,0.0,0.0,0.0,0.0,0.0,0.0,9.399968666771145e-05,0.0,0.0
Enterococcus_A,0.0,0.0,0.0,0.0,0.0,0.0,0.0055294442908487545,0.0,0.0,0.0,0.0,0.0,0.0,0.0,0.0
Enterococcus_B,0.001387237415774797,0.0006842285323297156,0.0,0.0,0.0,0.0,0.0,0.0,0.0,0.0,0.0,0.0,6.266645777847427e-05,0.0,0.0
Enterococcus_C,0.0,0.0,0.0,0.0,0.0,0.0,0.0,0.0,0.0,0.0,0.0,0.0,0.0,0.0,0.0
Enterococcus_D,0.0,0.0,0.0,0.0,0.0,0.0,0.0013823610727121383,0.0,0.0,0.0,0.0,0.0,0.0,0.0,0.0
Enterococcus_E,0.0,0.0,0.0,0.0,0.0,0.0,0.0,0.0,0.0,0.0,0.0,0.0,0.0,0.0,0.0
Enterococcus_F,0.0,0.0,0.0,0.0,0.0,0.0,0.0,0.0,0.0,0.0,0.0,0.0,0.0,0.0,0.0
Enterococcus_G,0.0,0.0,0.0,0.0,0.0,0.0,0.0,0.0,0.0,0.0,0.0,0.0,0.0,0.0,0.0
Enterococcus_H,0.0,0.0,0.0,0.0,0.0,0.0,0.0,0.0,0.0,0.0,0.0,0.0,0.0,0.0,0.0
Enterococcus_I,0.0,0.0,0.0,0.0,0.0,0.0,0.0,0.0,0.0,0.0,0.0,0.0,0.0,0.0,0.0
Enteroscipio,0.0,0.0,0.0,0.0,0.0,0.0,0.0,0.0,0.0,0.0,0.0,0.0,0.0,0.0,0.0
Enterovibrio,0.0,0.0,0.0,0.0,0.0,0.0,0.0,0.0,0.0,0.0,0.0,0.0,0.0,0.0,0.0
Epilithonimonas,0.0,0.0,0.0,0.0,0.0,0.0,0.0,0.0,0.0,0.0,0.0,0.0,0.0,0.0,0.0
ER4,0.0,0.03763256927813903,0.007233273056057853,0.0007010983874736616,0.002941176470588193,0.0014080540692762448,0.0,0.0008100445524503693,0.015277253866465595,0.0045330915684496376,0.0007570022710067961,0.0,0.05138649537834893,0.001544401544401464,0.0
Eremococcus,0.0,0.0,0.0,0.0,0.0,0.0,0.0,0.0,0.0,0.0,0.0,0.0,0.0,0.0,0.0
Erwinia,0.0,0.0,0.0,0.0,0.0,0.0,0.0,0.0,0.0,0.0,0.0,0.0,0.0,0.0,0.0
Erysipelatoclostridium,0.00019817677368202548,0.0003421142661648048,0.0,0.006076186024772089,0.0,0.0,0.3149018523638379,0.0,0.0,0.0,0.0,0.007243614182234036,9.399968666771134e-05,0.0,0.0
Erysipelothrix,0.0,0.0,0.0,0.0,0.0,0.0,0.0,0.0,0.0,0.0,0.0,0.0,0.0,0.0,0.0
Erythrobacter,0.0,0.0,0.0,0.0,0.0,0.0,0.0,0.0,0.0,0.0,0.0,0.0,0.0,0.0,0.0
Escherichia,0.0,0.04036948340745831,0.0018083182640143826,0.0,0.0,0.0,0.0024882499308819094,0.0,0.00018860807242542354,0.0027198549410697628,0.0,0.007243614182234036,3.133322888923708e-05,0.000772200772200732,0.0010624169986719423
Eubacterium,0.0,0.0,0.0,0.00046739892498237016,0.0,0.0,0.0,0.0,0.0,0.0,0.0,0.00038124285169647073,3.133322888923708e-05,0.0,0.0
Eubacterium_A,0.0,0.0,0.0,0.0,0.0,0.0,0.0,0.0,0.0,0.0,0.0,0.0,0.0,0.0,0.0
Eubacterium_B,0.0,0.0,0.0,0.0,0.0,0.0,0.0,0.0,0.0,0.0,0.0,0.0,0.00012533291555689836,0.0,0.0
Eubacterium_F,0.0,0.028395484091686754,0.0036166365280288727,0.0009347978499648467,0.0,0.000563221627710437,0.0,0.002430133657351108,0.006789890607317973,0.0,0.007191521574564721,0.0,0.0,0.001544401544401464,0.00796812749003983
Eubacterium_G,0.0007927070947284112,0.0003421142661648048,0.010849909584086834,0.0,0.0014705882352940966,0.0002816108138551677,0.0,0.0,0.0003772161448509519,0.0013599274705348306,0.0007570022710067961,0.0,0.0029766567444775073,0.00308880308880303,0.00026560424966795933
Eubacterium_I,0.002179944510503311,0.0,0.0,0.0,0.0,0.0008448324415657063,0.0,0.0,0.00018860807242542354,0.0013599274705348306,0.0,0.0,3.133322888923708e-05,0.0,0.0013280212483399016
Eubacterium_M,0.00019817677368202548,0.0,0.0,0.0,0.0,0.0,0.0,0.0,0.0,0.0,0.0,0.0,0.0,0.0,0.0
Eubacterium_N,0.0,0.0,0.0,0.0,0.0,0.0,0.0,0.0,0.0,0.0,0.0,0.0,0.0,0.0,0.0
Eubacterium_R,0.006341656757828011,0.0,0.0,0.0,0.0014705882352940966,0.017178259645170512,0.0,0.0,0.00829875518672199,0.0,0.02422407267221821,0.0,0.0,0.00849420849420846,0.0
Eubacterium_S,0.0,0.0,0.0,0.0,0.0,0.0,0.0,0.0,0.0,0.0,0.0,0.0,0.0,0.0,0.0
Eubacterium_T,0.0,0.0,0.0,0.0,0.0,0.0,0.0,0.0,0.0,0.0,0.0,0.0,0.0,0.0,0.0
Evtepia,0.0,0.0,0.0,0.0021032951624210916,0.002941176470588193,0.000563221627710437,0.0,0.0008100445524503693,0.0015088645794039124,0.0004533091568449436,0.00037850113550334547,0.004193671368661834,0.006266645777847416,0.0,0.0005312084993359187
Ewingella,0.0,0.0,0.0,0.0,0.0,0.0,0.0,0.0,0.0,0.0,0.0,0.0,0.0,0.0,0.0
Extibacter,0.0,0.0,0.0,0.0,0.0,0.0,0.0,0.0,0.0,0.0,0.0,0.0,3.133322888923708e-05,0.0,0.0
Ezakiella,0.0,0.0,0.0,0.0,0.0,0.0,0.0,0.0,0.0,0.0,0.0,0.0,0.0,0.0,0.0
F0040,0.0,0.0,0.0,0.0,0.0,0.0,0.0,0.0,0.0,0.0,0.0,0.0,0.0,0.0,0.0
F0058,0.0,0.0,0.0,0.0,0.0,0.0,0.0,0.0,0.0,0.0,0.0,0.0,0.0,0.0,0.0
F0422,0.0,0.0,0.0,0.0,0.0,0.0,0.0,0.0,0.0,0.0,0.0,0.0,0.0,0.0,0.0
F0428,0.0,0.0,0.0,0.0,0.0,0.0,0.0,0.0,0.0,0.0,0.0,0.0,0.0,0.0,0.0
F082,0.0,0.0,0.0,0.0,0.0,0.0,0.0,0.0,0.0,0.0,0.0,0.0,0.0,0.0,0.0
F23.B02,0.0,0.0,0.0,0.0,0.0,0.0,0.0,0.0,0.0,0.0,0.0,0.0,0.0,0.0,0.0
Facklamia,0.0,0.0,0.0,0.0,0.0,0.0,0.0,0.0,0.0,0.0,0.0,0.0,0.0,0.0,0.0
Facklamia_A,0.0,0.0,0.0,0.0,0.0,0.0,0.0,0.0,0.0,0.0,0.0,0.0,0.0,0.0,0.0
Faecalibacillus,0.0043598890210067255,0.0,0.0036166365280288727,0.0,0.0,0.0036609405801182973,0.0,0.0,0.00018860807242542354,0.0036264732547597513,0.0018925056775170427,0.0,0.0002506658311137967,0.0023166023166022983,0.0
Faecalibacterium,0.015655965120887953,0.09750256585699663,0.0524412296564199,0.0030380930123860444,0.02647058823529416,0.03576457335961727,0.0,0.0028351559335763445,0.0058468502451904355,0.024932003626473315,0.016654049962150037,0.03431185665268782,0.03593921353595499,0.00849420849420846,0.014873837981407718
Faecalibaculum,0.0,0.0,0.0,0.0,0.0,0.0,0.0,0.0,0.0,0.0,0.0,0.0,0.0,0.0,0.0
Faecalicoccus,0.0,0.0,0.0,0.0,0.0,0.0,0.0,0.0,0.0,0.0,0.0,0.002668699961875623,0.0,0.0,0.0
Faecalimonas,0.004558065794688855,0.0,0.0,0.053517176910493514,0.0,0.0,0.0,0.0,0.00018860807242542354,0.0,0.00037850113550334547,0.006862371330537566,0.0,0.0,0.0005312084993359187
Faecalitalea,0.0,0.0,0.0,0.0,0.0,0.0,0.0,0.0,0.0,0.0,0.0,0.0019062142584825722,0.0,0.0,0.0
Fannyhessea,0.0,0.0,0.0,0.0,0.0,0.0,0.0,0.0,0.0,0.0,0.0,0.0,0.0,0.0,0.0
Fenollaria,0.0,0.0,0.0,0.0,0.0,0.0,0.0,0.0,0.0,0.0,0.0,0.0,0.0,0.0,0.0
Ferdinandcohnia,0.0,0.0,0.0,0.0,0.0,0.0,0.0,0.0,0.0,0.0,0.0,0.0,0.0,0.0,0.0
Fermentimonas,0.0,0.0,0.0,0.0,0.0,0.0,0.0,0.0,0.0,0.0,0.0,0.0,0.0,0.0,0.0
Fibrobacter,0.0,0.0,0.0,0.0,0.0,0.0,0.0,0.0,0.0,0.0,0.0,0.0,0.0,0.0,0.0
Fibrobacter_A,0.0,0.0,0.0,0.0,0.0,0.0,0.0,0.0,0.0,0.0,0.0,0.0,0.0,0.0,0.0
Filifactor,0.0,0.0,0.0,0.0,0.0,0.0,0.0,0.0,0.0,0.0,0.0,0.0,0.0,0.0,0.0
Finegoldia,0.0,0.0,0.0018083182640143826,0.0,0.0,0.0,0.0,0.0,0.0,0.0,0.0,0.0,0.0,0.0,0.0
Firm.10,0.0,0.0,0.0,0.0,0.0,0.0,0.0,0.0,0.0,0.0,0.0,0.0,0.0,0.0,0.0
Firm.11,0.0,0.0,0.0,0.0,0.0,0.0,0.0,0.0,0.0,0.0,0.0,0.0,0.0,0.000772200772200732,0.0
Firm.13,0.0,0.0,0.0,0.0,0.0,0.0,0.0,0.0,0.0,0.0,0.0,0.0,0.0,0.0,0.0
Flavobacterium,0.0,0.0,0.0,0.0,0.0,0.0,0.0,0.0,0.0,0.0,0.0,0.0,0.0,0.0,0.0
Flavonifractor,0.0005945303210462826,0.0013684570646595373,0.0,0.00046739892498237016,0.0,0.0002816108138551677,0.0,0.0016200891049007386,0.00018860807242542354,0.0009066183136898872,0.0007570022710067961,0.003049942813572203,0.00018799937333539957,0.0,0.002390438247011949
Flexilinea,0.0,0.0,0.0,0.0,0.0,0.0,0.0,0.0,0.0,0.0,0.0,0.0,0.0,0.0,0.0
Floricoccus,0.0,0.0,0.0,0.0,0.0,0.0,0.0,0.0,0.0,0.0,0.0,0.0,0.0,0.0,0.0
Fournierella,0.0,0.0,0.0,0.00023369946249118508,0.0,0.0,0.0,0.0,0.0,0.0,0.0,0.0,0.0,0.0,0.0
Franconibacter,0.0,0.0,0.0,0.0,0.0,0.0,0.0,0.0,0.0,0.0,0.0,0.0,0.0,0.0,0.0
Frigoribacterium,0.0,0.0,0.0,0.0,0.0,0.0,0.0,0.0,0.0,0.0,0.0,0.0,0.0,0.0,0.0
Frischella,0.0,0.0,0.0,0.0,0.0,0.0,0.0,0.0,0.0,0.0,0.0,0.0,0.0,0.0,0.0
Frisingicoccus,0.0,0.0,0.0,0.0,0.0,0.0,0.0,0.0008100445524503693,0.0,0.0,0.0,0.0,0.0,0.0,0.0005312084993359187
Fructilactobacillus,0.0,0.0,0.0,0.0,0.0,0.0,0.0,0.0,0.0,0.0,0.0,0.0,0.0,0.0,0.0
Fructobacillus,0.0,0.0,0.0,0.0,0.0,0.0,0.0,0.0,0.0,0.0,0.0,0.0,0.0,0.0,0.0
Furfurilactobacillus,0.0,0.0,0.0,0.0,0.0,0.0,0.0,0.0,0.0,0.0,0.0,0.0,0.0,0.0,0.0
Fusicatenibacter,0.00891795481569558,0.0006842285323297156,0.018083182640144795,0.00023369946249118508,0.002941176470588193,0.0014080540692762448,0.0,0.010530579181855007,0.0020746887966804975,0.0009066183136898872,0.0015140045420135922,0.0,0.0005326648911170003,0.003861003861003864,0.004249667994687874
Fusobacterium,0.0,0.0,0.0,0.0,0.0,0.0,0.0,0.0,0.0,0.0,0.0,0.0,9.399968666771134e-05,0.0,0.0
Fusobacterium_A,0.007728894173602808,0.0,0.0,0.0,0.0,0.0,0.0,0.0,0.0,0.005439709882139626,0.0,0.008768585589020137,0.0,0.0,0.0
Fusobacterium_B,0.0,0.0,0.0,0.0,0.0,0.0,0.0,0.0,0.0,0.0,0.0,0.0,0.0,0.0,0.0
Fusobacterium_C,0.0,0.0,0.0,0.0,0.0,0.0,0.0,0.0,0.0,0.0,0.0,0.0,0.0,0.0,0.0
Ga6A1,0.0,0.0,0.0,0.0,0.0,0.0,0.0,0.0,0.0,0.0,0.0,0.0,0.0,0.0,0.0
Gabonibacter,0.0,0.0,0.0,0.0,0.0,0.0,0.0,0.0,0.0,0.0,0.0,0.0011437285550895215,0.0,0.0,0.0
Gallibacterium,0.0,0.0,0.0,0.0,0.0,0.0,0.0,0.0,0.0,0.0,0.0,0.0,0.0,0.0,0.0
Gastranaerophilus,0.0,0.0,0.0,0.0,0.0,0.0,0.0,0.0,0.0,0.0,0.0,0.0,0.0,0.0,0.0
GCA.900066135,0.00019817677368202548,0.0003421142661648048,0.0018083182640143826,0.0,0.0014705882352940966,0.000563221627710437,0.0,0.0,0.0003772161448509519,0.0004533091568449436,0.0007570022710067961,0.0,0.00021933260222459813,0.000772200772200732,0.00026560424966795933
GCA.900066495,0.0,0.0,0.0,0.0,0.0,0.0,0.0,0.0,0.0,0.0,0.0,0.0,0.0,0.0,0.0
GCA.900066755,0.0,0.0,0.0,0.0,0.0,0.0,0.0,0.0,0.00018860807242542354,0.0,0.0,0.0,0.0,0.0,0.0
GCA.900066905,0.0,0.0,0.0,0.0,0.0,0.0,0.0,0.0,0.00018860807242542354,0.0,0.0,0.0,0.0,0.0,0.0
Gemella,0.0,0.0,0.0,0.0,0.0,0.0,0.0,0.0,0.0,0.0,0.0,0.00038124285169647073,0.0,0.0,0.0
Gemmiger,0.0,0.04036948340745831,0.028933092224231627,0.13017060060761926,0.005882352941176386,0.006758659532526056,0.0,0.0,0.0037721614485099384,0.0027198549410697628,0.018925056775170427,0.0,0.01826727244242525,0.001544401544401464,0.1192563081009296
Geobacillus,0.0,0.0,0.0,0.0,0.0,0.0,0.0002764722145423674,0.0,0.0,0.0,0.0,0.0,0.0,0.0,0.0
Giesbergeria,0.0,0.0,0.0,0.0,0.0,0.0,0.0,0.0,0.0,0.0,0.0,0.0,0.0,0.0,0.0
Gilliamella,0.0,0.0,0.0,0.0,0.0,0.0,0.0,0.0,0.0,0.0,0.0,0.0,0.0,0.0,0.0
Gleimia,0.0,0.0,0.0,0.0,0.0,0.0,0.0,0.0,0.0,0.0,0.0,0.0,0.0,0.0,0.0
Globicatella,0.0,0.0,0.0,0.0,0.0,0.0,0.0,0.0,0.0,0.0,0.0,0.0,0.0,0.0,0.0
Gluconobacter_A,0.0,0.0,0.0,0.0,0.0,0.0,0.0,0.0,0.0,0.0,0.0,0.0,0.0,0.0,0.0
Glutamicibacter,0.0,0.0,0.0,0.0,0.0,0.0,0.0,0.0,0.0,0.0,0.0,0.0,0.0,0.0,0.0
GN02.873,0.0,0.0,0.0,0.0,0.0,0.0,0.0,0.0,0.0,0.0,0.0,0.0,0.0,0.0,0.0
Gordonia,0.0,0.0,0.0,0.0,0.0,0.0,0.0,0.0,0.0,0.0,0.0,0.0,0.0,0.0,0.0
Gordonibacter,0.0,0.0,0.0,0.00046739892498237016,0.0,0.0,0.0,0.0,0.0,0.0,0.0,0.0,0.0,0.0,0.0
Gottfriedia,0.0,0.0,0.0,0.0,0.0,0.0,0.0,0.0,0.0,0.0,0.0,0.0,0.0,0.0,0.0
Gottschalkia_A,0.0,0.0,0.0,0.0,0.0,0.0,0.0,0.0,0.0,0.0,0.0,0.0,0.0,0.0,0.0
Granulicatella,0.0,0.0,0.0,0.0,0.0,0.0,0.0,0.0,0.0,0.0,0.0,0.0,0.0,0.0,0.0
Gulbenkiania,0.0,0.0,0.0,0.0,0.0,0.0,0.0,0.0,0.0,0.0,0.0,0.0,0.0,0.0,0.0
Haematomicrobium,0.0,0.0,0.0,0.0,0.0,0.0,0.0,0.0,0.0,0.0,0.0,0.0,0.0,0.0,0.0
Haemophilus,0.0,0.0,0.0,0.0,0.0,0.0,0.0,0.0,0.0,0.0,0.0,0.0,0.0,0.0,0.0
Haemophilus_A,0.0,0.0,0.0,0.0,0.0,0.0,0.0,0.0,0.0,0.0,0.0,0.0,0.0,0.0,0.0
Haemophilus_D,0.0011890606420926686,0.01128977078344174,0.0018083182640143826,0.0,0.0,0.0,0.0,0.0,0.00018860807242542354,0.0004533091568449436,0.0,0.0007624857033930508,9.399968666771145e-05,0.0,0.0
Hafnia,0.0,0.0,0.0,0.0,0.0,0.0,0.0,0.0,0.0,0.0,0.0,0.0,0.0,0.0,0.0
Halalkalicoccus,0.0,0.0,0.0,0.0,0.0,0.0,0.0,0.0,0.0,0.0,0.0,0.0,0.0,0.0,0.0
Halomonas,0.0,0.0,0.0,0.0,0.0,0.0,0.0,0.0,0.0,0.0,0.0,0.0,0.0,0.0,0.0
Halomonas_B,0.0,0.0,0.0,0.0,0.0,0.0,0.0,0.0,0.0,0.0,0.0,0.0,0.0,0.0,0.0
Halopenitus,0.0,0.0,0.0,0.0,0.0,0.0,0.0,0.0,0.0,0.0,0.0,0.0,0.0,0.0,0.0
Harryflintia,0.0,0.0,0.0,0.0,0.0,0.0,0.0,0.0,0.0,0.0,0.0,0.0,0.0,0.0,0.0
Helcococcus,0.0,0.0,0.0,0.0,0.0,0.0,0.0,0.0,0.0,0.0,0.0,0.0,0.0,0.0,0.0
Helicobacter,0.0,0.0,0.0,0.0,0.0,0.0,0.0,0.0,0.0,0.0,0.0,0.0,0.0,0.0,0.0
Helicobacter_A,0.0,0.0,0.0,0.0,0.0,0.0,0.0,0.0,0.0,0.0,0.0,0.0,0.0,0.0,0.0
Helicobacter_B,0.0,0.0,0.0,0.0,0.0,0.0,0.0,0.0,0.0,0.0,0.0,0.0,0.0,0.0,0.0
Helicobacter_C,0.0,0.0,0.0,0.0,0.0,0.0,0.0,0.0,0.0,0.0,0.0,0.0,0.0,0.0,0.0
Helicobacter_D,0.0,0.0,0.0,0.0,0.0,0.0,0.0,0.0,0.0,0.0,0.0,0.0,0.0,0.0,0.0
HGM10766,0.0,0.0,0.0,0.0,0.0,0.0,0.0,0.0,0.0,0.0,0.0,0.0,0.0,0.006177606177606163,0.0
HGM11377,0.0,0.0,0.0,0.0,0.0,0.0,0.0,0.0,0.0,0.0,0.0,0.0,0.0,0.0,0.0
HGM11501,0.0,0.0,0.0,0.0,0.0,0.0,0.0,0.0,0.0,0.0,0.00037850113550334547,0.0,0.0,0.0,0.0
HGM11507,0.0,0.0,0.0,0.00023369946249118508,0.0,0.0,0.0,0.0,0.0,0.0,0.0,0.0,0.0,0.0,0.0
HGM12619,0.0,0.0,0.0,0.0,0.0,0.0,0.0,0.0,0.0,0.0,0.0,0.0,0.0,0.0,0.0
HGM12650,0.0,0.0,0.0,0.0,0.0,0.0,0.0,0.0,0.0,0.0,0.0,0.0,0.0,0.0,0.0
HGM12669,0.0,0.0,0.0,0.0,0.0,0.0,0.0,0.0,0.005092417955488427,0.0,0.0,0.0,0.0,0.0,0.0
HGM12713,0.0,0.0,0.0,0.0,0.0,0.0,0.0,0.0,0.0,0.0,0.0,0.0,0.0,0.001544401544401464,0.0
HGM12957,0.0,0.0,0.0,0.0,0.0,0.0,0.0,0.0,0.0,0.0,0.0,0.0,0.0,0.0,0.0
HGM13010,0.0,0.0,0.0,0.00023369946249118508,0.0,0.0,0.0,0.0,0.0,0.0,0.0,0.0,0.0,0.0,0.0
HGM13618,0.0,0.0,0.0,0.0,0.0,0.0,0.0,0.0,0.0,0.0,0.0,0.0,0.0,0.0,0.0
Holdemanella,0.0,0.0006842285323297156,0.0,0.0,0.01617647058823538,0.0,0.0,0.0,0.004715201810637475,0.0,0.0,0.0,0.0,0.001544401544401464,0.0
Holdemania,0.0,0.0,0.0,0.00046739892498237016,0.0,0.0002816108138551677,0.0,0.0,0.0,0.0,0.00037850113550334547,0.006099885627144406,0.00018799937333539957,0.0,0.0
Hungatella,0.0,0.0006842285323297156,0.0,0.0,0.0,0.0,0.0,0.0012150668286755022,0.0,0.0004533091568449436,0.0,0.004574914220358305,0.0,0.0,0.0
Hungatella_A,0.0,0.0,0.0,0.0,0.0,0.0,0.0,0.0,0.0,0.0,0.0,0.0,0.0,0.0,0.0
Hydrogeniiclostridium,0.0,0.0,0.0,0.0,0.0,0.0,0.0,0.0,0.0,0.0,0.0,0.0,0.0,0.0,0.0
Hydrogenoanaerobacterium,0.0,0.0,0.0,0.0,0.0,0.0,0.0,0.0,0.0,0.0,0.0,0.0,0.0,0.0,0.0
Hymenobacter,0.0,0.0,0.0,0.0,0.0,0.0,0.0,0.0,0.0,0.0,0.0,0.0,0.0,0.0,0.0
Ignavigranum,0.0,0.0,0.0,0.0,0.0,0.0,0.0,0.0,0.0,0.0,0.0,0.0,0.0,0.0,0.0
Intestinibacter,0.0,0.0003421142661648048,0.005424954792043363,0.0,0.0014705882352940966,0.0002816108138551677,0.0,0.0,0.0022632968691059206,0.0004533091568449436,0.00037850113550334547,0.0,3.133322888923708e-05,0.000772200772200732,0.0
Intestinimonas,0.0,0.0,0.0,0.0028043935498948593,0.0,0.0002816108138551677,0.0,0.007290400972053428,0.0022632968691059206,0.0,0.0018925056775170427,0.0019062142584825722,0.0003446655177816006,0.0,0.0
JABCPE02,0.0,0.0,0.0,0.0,0.0,0.0,0.0,0.0,0.0,0.0,0.0,0.0,0.0,0.0,0.0
JABCPG02,0.0,0.0,0.0,0.0,0.0,0.0,0.0,0.0,0.0,0.0,0.0,0.0,0.0,0.0,0.0
JABCPH02,0.0,0.0,0.0,0.0,0.0,0.0,0.0,0.0,0.0,0.0,0.0,0.0,0.0,0.0,0.0
Janibacter,0.0,0.0,0.0,0.0,0.0,0.0,0.0,0.0,0.0,0.0,0.0,0.0,0.0,0.0,0.0
Janthinobacterium,0.0,0.0,0.0,0.0,0.0,0.0,0.0,0.0,0.0,0.0,0.0,0.0,0.0,0.0,0.0
Jeotgalibaca,0.0,0.0,0.0,0.0,0.0,0.0,0.0,0.0,0.0,0.0,0.0,0.0,0.0,0.0,0.0
Jeotgalicoccus,0.0,0.0,0.0,0.0,0.0,0.0,0.0,0.0,0.0,0.0,0.0,0.0,0.0,0.0,0.0
Johnsonella,0.0,0.0,0.0,0.0,0.0,0.0,0.0,0.0,0.0,0.0,0.0,0.0,0.0,0.0,0.0
Jonquetella,0.0,0.0,0.0,0.0,0.0,0.0,0.0,0.0,0.0,0.0,0.0,0.0,0.0,0.0,0.0
KA00274,0.0,0.0,0.0,0.0,0.0,0.0,0.0,0.0,0.0,0.0,0.0,0.0,0.0,0.0,0.0
Kaistella,0.0,0.0,0.0,0.0,0.0,0.0,0.0,0.0,0.0,0.0,0.0,0.0,0.0,0.0,0.0
Kallipyga,0.0,0.0,0.0,0.0,0.0,0.0,0.0,0.0,0.0,0.0,0.0,0.0,0.0,0.0,0.0
Kandleria,0.0,0.0,0.0,0.0,0.0,0.0,0.0,0.0,0.0,0.0,0.0,0.0,0.0,0.0,0.0
Khoudiadiopia,0.0,0.0,0.0,0.0,0.0,0.0,0.0,0.0,0.0,0.0,0.0,0.0,0.0,0.0,0.0
Kineothrix,0.0,0.0,0.0,0.0,0.0,0.0,0.0,0.0,0.0,0.0,0.0,0.0,0.0,0.0,0.0
Kingella_A,0.0,0.0,0.0,0.0,0.0,0.0,0.0,0.0,0.0,0.0,0.0,0.0,0.0,0.0,0.0
Kingella_B,0.0,0.0,0.0,0.0,0.0,0.0,0.0,0.0,0.0,0.0,0.0,0.0,0.0,0.0,0.0
KLE1615,0.0005945303210462826,0.0003421142661648048,0.005424954792043363,0.0,0.0,0.000563221627710437,0.0,0.0,0.00018860807242542354,0.0004533091568449436,0.0015140045420135922,0.0,0.0006579978066738986,0.001544401544401464,0.000796812749003983
KLE1615.Eubacterium_R,0.0,0.0003421142661648048,0.0036166365280288727,0.0,0.0,0.0002816108138551677,0.0,0.0,0.00018860807242542354,0.0004533091568449436,0.00037850113550334547,0.0,0.0,0.000772200772200732,0.0
Klebsiella,0.12960760998810963,0.01744782757440992,0.0,0.00023369946249118508,0.0,0.0,0.0016588332872546061,0.0,0.0,0.0009066183136898872,0.0,0.0,0.0,0.0,0.0
Klebsiella_A,0.0,0.0,0.0,0.015891563449404202,0.0,0.0,0.0,0.0,0.0,0.0,0.0,0.0,0.0,0.0,0.0
Kluyvera,0.0,0.0,0.0,0.0,0.0,0.0,0.0,0.0,0.0,0.0,0.0,0.0,0.0,0.0,0.0
Knoellia,0.0,0.0,0.0,0.0,0.0,0.0,0.0,0.0,0.0,0.0,0.0,0.0,0.0,0.0,0.0
Kocuria,0.0,0.0,0.0,0.0,0.0,0.0,0.0,0.0,0.0,0.0,0.0,0.0,0.0,0.0,0.0
Kosakonia,0.0,0.0,0.0,0.0,0.0,0.0,0.0,0.0,0.0,0.0,0.0,0.0,0.0,0.0,0.0
Kurthia,0.0,0.0,0.0,0.0,0.0,0.0,0.0,0.0,0.0,0.0,0.0,0.0,0.0,0.0,0.0
Kytococcus,0.0,0.0,0.0,0.0,0.0,0.0,0.0,0.0,0.0,0.0,0.0,0.0,0.0,0.0,0.0
Lachnoanaerobaculum,0.0,0.0,0.0,0.0,0.0,0.0,0.0,0.0,0.0,0.0,0.0,0.0,0.0,0.0,0.0
Lachnobacterium,0.0,0.0,0.0,0.0,0.0,0.0,0.0,0.0,0.0,0.0,0.0,0.0,0.0,0.0,0.0
Lachnoclostridium,0.0,0.0,0.0,0.0,0.0,0.0,0.0,0.0,0.0,0.0,0.0,0.0,0.0,0.0,0.0
Lachnoclostridium_B,0.00019817677368202548,0.0003421142661648048,0.0,0.002570694087403568,0.0014705882352940966,0.0002816108138551677,0.0,0.0,0.00018860807242542354,0.0,0.00037850113550334547,0.0,3.133322888923708e-05,0.0,0.00026560424966795933
Lachnospira,0.00237812128418544,0.008894970920287362,0.014466546112115813,0.00023369946249118508,0.014705882352941176,0.05040833568009035,0.0,0.0020251113811258713,0.003960769520935467,0.15412511332728993,0.00037850113550334547,0.01143728555089598,0.0006579978066738986,0.00849420849420846,0.0018592297476759253
Lachnospira.CAG.196,0.0,0.0,0.0018083182640143826,0.0,0.0014705882352940966,0.10109828217403607,0.0,0.0,0.003960769520935467,0.0022665457842248188,0.0018925056775170427,0.0,0.00046999843333849894,0.003861003861003864,0.00026560424966795933
Lachnospira.Zag111,0.0,0.0,0.0036166365280288727,0.0,0.0,0.10813855252041771,0.0,0.0,0.00018860807242542354,0.0,0.0007570022710067961,0.0,0.0,0.0,0.0
Lacrimispora,0.0,0.0,0.0,0.0,0.0,0.0,0.0,0.0,0.0,0.0,0.0,0.0,0.0,0.0,0.0
Lacticaseibacillus,0.0,0.0,0.0,0.0,0.0,0.0,0.0,0.0,0.00018860807242542354,0.0,0.0,0.0,0.0,0.0,0.0
Lactiplantibacillus,0.0,0.0,0.0,0.0,0.0,0.0,0.0,0.0,0.0,0.0,0.0,0.0,0.0,0.0,0.0
Lactobacillus,0.0,0.0,0.0,0.00046739892498237016,0.0,0.0,0.020182471661598044,0.0,0.0,0.0004533091568449436,0.0,0.0,0.0,0.000772200772200732,0.0
Lactococcus,0.0,0.0,0.0036166365280288727,0.0,0.0,0.0,0.0,0.0,0.0,0.0,0.0,0.0,6.266645777847427e-05,0.0,0.0
Lactococcus_A,0.0,0.0,0.0,0.0,0.0,0.0,0.0002764722145423674,0.0,0.0,0.0,0.0,0.0,0.0,0.0,0.0
Lactonifactor,0.0,0.0,0.0,0.0,0.0,0.0,0.0,0.0,0.0,0.0,0.0,0.0,0.0,0.0,0.0
Lagierella,0.0,0.0,0.0,0.0,0.0,0.0,0.0,0.0,0.0,0.0,0.0,0.0,0.0,0.0,0.0
Lancefieldella,0.0,0.0,0.0,0.0,0.0,0.0,0.0,0.0,0.0,0.0,0.0,0.0,3.133322888923708e-05,0.0,0.0
Lapidilactobacillus,0.0,0.0,0.0,0.0,0.0,0.0,0.0,0.0,0.0,0.0,0.0,0.0,0.0,0.0,0.0
Laribacter,0.0,0.0,0.0,0.0,0.0,0.0,0.0,0.0,0.0,0.0,0.0,0.0,0.0,0.0,0.0
Latilactobacillus,0.0,0.0,0.0,0.0,0.0,0.0,0.0,0.0,0.0,0.0,0.0,0.0,0.0,0.0,0.0
Lautropia,0.0,0.0,0.0,0.0,0.0,0.0,0.0,0.0,0.0,0.0,0.0,0.0,0.0,0.0,0.0
Lawsonella,0.00019817677368202548,0.0,0.0,0.0,0.0,0.0,0.0,0.0,0.0,0.0,0.0,0.0,0.0,0.0,0.0
Lawsonia,0.0,0.0,0.0,0.0,0.0,0.0,0.0,0.0,0.0,0.0,0.0,0.0,0.0,0.0,0.0
Lawsonibacter,0.0005945303210462826,0.0,0.0,0.0030380930123860444,0.0,0.0019712756969866817,0.0,0.006075334143377822,0.0003772161448509519,0.0022665457842248188,0.007570022710068171,0.024018299656881483,0.0002506658311137967,0.0,0.010092961487383818
LDYB01,0.0,0.0,0.0,0.0,0.0,0.0,0.0,0.0,0.0,0.0,0.0,0.0,0.0,0.0,0.0
Leclercia,0.0,0.0,0.0,0.0,0.0,0.0,0.0,0.0,0.0,0.0,0.0,0.0,0.0,0.0,0.0
Leifsonia,0.0,0.0,0.0,0.0,0.0,0.0,0.0,0.0,0.0,0.0,0.0,0.0,0.0,0.0,0.0
Lelliottia,0.0,0.0,0.0,0.0,0.0,0.0,0.0,0.0,0.0,0.0,0.0,0.0,0.0,0.0,0.0
Leminorella,0.0,0.0,0.0,0.0,0.0,0.0,0.0,0.0,0.0,0.0,0.0,0.0,0.0,0.0,0.0
Lentilactobacillus,0.0,0.0,0.0,0.0,0.0,0.0,0.0,0.0,0.0,0.0,0.0,0.0,0.0,0.0,0.0
Leptotrichia,0.0,0.0,0.0,0.0,0.0,0.0,0.0,0.0,0.0,0.0,0.0,0.0,0.0,0.0,0.0
Leptotrichia_A,0.0,0.0,0.0,0.0,0.0,0.0,0.0,0.0,0.0,0.0,0.0,0.0,0.0,0.0,0.0
Leucobacter,0.0,0.0,0.0,0.0,0.0,0.0,0.0,0.0,0.0,0.0,0.0,0.0,0.0,0.0,0.0
Leuconostoc,0.0,0.0,0.0,0.0,0.0,0.0,0.0002764722145423674,0.0,0.0,0.0,0.0,0.0,0.0,0.0,0.0
Levilactobacillus,0.0,0.0,0.0,0.0,0.0,0.0,0.0,0.0,0.0,0.0,0.0,0.0,0.0,0.0,0.0
Levyella,0.0,0.0,0.0,0.0,0.0,0.0,0.0,0.0,0.0,0.0,0.0,0.0,0.0,0.0,0.0
Ligilactobacillus,0.0,0.0003421142661648048,0.0,0.0,0.0014705882352940966,0.0,0.2269836881393419,0.0,0.0,0.0022665457842248188,0.0,0.0,0.0,0.000772200772200732,0.0
Limnohabitans_A,0.0,0.0,0.0,0.0,0.0,0.0,0.0,0.0,0.0,0.0,0.0,0.0,0.0,0.0,0.0
Limnospira,0.0,0.0,0.0,0.0,0.0,0.0,0.0,0.0,0.0,0.0,0.0,0.0,0.0,0.0,0.0
Limosilactobacillus,0.0,0.0,0.0,0.00023369946249118508,0.0,0.0,0.0030411943599667444,0.0,0.0,0.0004533091568449436,0.0,0.0,0.0,0.0,0.0
Liquorilactobacillus,0.0,0.0,0.0,0.0,0.0,0.0,0.0,0.0,0.0,0.0,0.0,0.0,0.0,0.0,0.0
Listeria,0.0,0.0,0.0,0.0,0.0,0.0,0.0,0.0,0.0,0.0,0.0,0.0,0.0,0.0,0.0
Loigolactobacillus,0.0,0.0,0.0,0.0,0.0,0.0,0.0,0.0,0.0,0.0,0.0,0.0,0.0,0.0,0.0
Longibaculum,0.0,0.0,0.0,0.0,0.0,0.0,0.0,0.0,0.0,0.0,0.0,0.0015249714067861015,3.133322888923708e-05,0.0,0.0
Longicatena,0.00019817677368202548,0.0,0.0,0.0,0.0,0.0,0.0,0.0,0.0,0.0,0.0,0.0,0.0,0.0,0.0
Luteimonas,0.0,0.0,0.0,0.0,0.0,0.0,0.0,0.0,0.0,0.0,0.0,0.0,0.0,0.0,0.0
Lysinibacillus,0.0,0.0,0.0,0.0,0.0,0.0,0.0,0.0,0.0,0.0,0.0,0.0,0.0,0.0,0.0
Lysobacter,0.0,0.0,0.0,0.0,0.0,0.0,0.0,0.0,0.0,0.0,0.0,0.0,0.0,0.0,0.0
Lysobacter_B,0.0,0.0,0.0,0.0,0.0,0.0,0.0,0.0,0.0,0.0,0.0,0.0,0.0,0.0,0.0
M3,0.0,0.0,0.0,0.0,0.0,0.0,0.0,0.0,0.0,0.0,0.0,0.0,0.0,0.0,0.0
Macellibacteroides.Proteiniphilum,0.0,0.0,0.0,0.0,0.0,0.0,0.0,0.0,0.0,0.0,0.0,0.0,0.0,0.0,0.0
Macrococcus_B,0.0,0.0,0.0,0.0,0.0,0.0,0.0,0.0,0.0,0.0,0.0,0.0,0.0,0.0,0.0
Mageeibacillus,0.0,0.0,0.0,0.0,0.0,0.0,0.0,0.0,0.0,0.0,0.0,0.0,0.0,0.0,0.0
Mailhella,0.0,0.0,0.0,0.0,0.0,0.0,0.0,0.0,0.0,0.0,0.0,0.0,0.0,0.0,0.0
Malikia,0.0,0.0,0.0,0.0,0.0,0.0,0.0,0.0,0.0,0.0,0.0,0.0,0.0,0.0,0.0
Margalitia,0.0,0.0,0.0,0.0,0.0,0.0,0.0,0.0,0.0,0.0,0.0,0.0,0.0,0.0,0.0
Marinilactibacillus,0.0,0.0,0.0,0.0,0.0,0.0,0.0,0.0,0.0,0.0,0.0,0.0,0.0,0.0,0.0
Marinobacter,0.0,0.0,0.0,0.0,0.0,0.0,0.0,0.0,0.0,0.0,0.0,0.0,0.0,0.0,0.0
Marmoricola,0.0,0.0,0.0,0.0,0.0,0.0,0.0,0.0,0.0,0.0,0.0,0.0,0.0,0.0,0.0
Marseille.P2935,0.0,0.0,0.0,0.0,0.0,0.0,0.0,0.0,0.0,0.0,0.0,0.0,0.0,0.0,0.0
Marseille.P3106,0.0,0.0,0.0,0.0,0.0,0.0,0.0,0.0,0.0,0.0,0.0,0.0,0.0,0.0,0.0
Marseille.P4683,0.0,0.0,0.0,0.00046739892498237016,0.0,0.0,0.0,0.0,0.0,0.0,0.0,0.0,0.0,0.0,0.0
Marvinbryantia,0.0,0.0,0.0036166365280288727,0.00023369946249118508,0.0,0.0,0.0,0.0,0.0,0.0,0.0,0.0,0.0,0.0,0.0
Massilia,0.0,0.0,0.0,0.0,0.0,0.0,0.0,0.0,0.0,0.0,0.0,0.0,0.0,0.0,0.0
Massilibacillus,0.0,0.0,0.0,0.0,0.0,0.0,0.0,0.0,0.0,0.0,0.0,0.0,0.0,0.0,0.0
Massilicoli,0.0,0.0,0.0,0.0,0.0,0.0,0.0,0.0,0.0,0.0,0.0,0.0,3.133322888923708e-05,0.0,0.0
Massilimaliae,0.0,0.0,0.0,0.0,0.0,0.0,0.0,0.0,0.0,0.0,0.0,0.0,6.266645777847427e-05,0.0,0.0
Massilioclostridium,0.00019817677368202548,0.0,0.0,0.00046739892498237016,0.0,0.0,0.0,0.0,0.0,0.0,0.00037850113550334547,0.0,0.0,0.0,0.0
Massiliomicrobiota,0.0,0.0,0.0,0.00046739892498237016,0.0,0.0,0.0,0.0,0.0,0.0,0.0,0.0,0.00021933260222459813,0.0,0.0
Massilistercora,0.0,0.0,0.0,0.007945781724701995,0.0,0.0,0.0,0.0,0.0,0.0,0.0,0.0,0.0,0.0,0.0
Mediterraneibacter,0.005548949663099497,0.0003421142661648048,0.009041591320072343,0.024538443561579963,0.0014705882352940966,0.003942551393973465,0.0,0.0028351559335763445,0.0015088645794039124,0.0009066183136898872,0.004542013626040882,0.026686999618757215,0.002506658311138904,0.0,0.001593625498007966
Megamonas,0.0786761791518038,0.0,0.0018083182640143826,0.0,0.0,0.0,0.0,0.0,0.0,0.028558476881233065,0.0,0.02287457110179196,0.0,0.0,0.0
Megasphaera,0.026357510899722686,0.004447485460143629,0.0,0.0,0.0,0.0,0.0,0.0,0.0,0.0,0.0,0.002668699961875623,0.0,0.0,0.0
Meiothermus_B,0.0,0.0,0.0,0.0,0.0,0.0,0.0,0.0,0.0,0.0,0.0,0.0,0.0,0.0,0.0
Merdibacter,0.0,0.0,0.0,0.0,0.0,0.0,0.0,0.0,0.0,0.0,0.00037850113550334547,0.0,0.0,0.000772200772200732,0.0
Merdimonas,0.0,0.0,0.0,0.0,0.0,0.0,0.0,0.0,0.0,0.0,0.0022710068130203883,0.0,0.0,0.0,0.0
Mesomycoplasma,0.0,0.0,0.0,0.0,0.0,0.0,0.0,0.0,0.0,0.0,0.0,0.0,0.0,0.0,0.0
Mesorhizobium,0.0,0.0,0.0,0.0,0.0,0.0,0.0,0.0,0.0,0.0,0.0,0.0,0.0,0.0,0.0
Mesosutterella,0.0,0.0,0.0,0.0,0.0,0.0014080540692762448,0.0,0.0,0.0,0.0,0.0,0.0,0.0,0.000772200772200732,0.000796812749003983
Metamycoplasma,0.0,0.0,0.0,0.0,0.0,0.0,0.0,0.0,0.0,0.0,0.0,0.0,0.0,0.0,0.0
Methanobacterium,0.0,0.0,0.0,0.0,0.0,0.0,0.0,0.0,0.0,0.0,0.0,0.0,0.0,0.0,0.0
Methanobrevibacter,0.0,0.0,0.0,0.0,0.0,0.0,0.0,0.0,0.0,0.0,0.0,0.0,0.0,0.0,0.0
Methanobrevibacter_A,0.0,0.0,0.0,0.18135078289320025,0.0,0.0028161081385524897,0.0,0.0,0.016220294228593026,0.0,0.00037850113550334547,0.0,0.0,0.00308880308880303,0.0
Methanobrevibacter_B,0.0,0.0,0.0,0.0,0.0,0.0,0.0,0.0,0.0,0.0,0.0,0.0,0.0,0.0,0.0
Methanobrevibacter_C,0.0,0.0,0.0,0.0,0.0,0.0,0.0,0.0,0.0,0.0,0.0,0.0,0.0,0.0,0.0
Methanocorpusculum,0.0,0.0,0.0,0.0,0.0,0.0,0.0,0.0,0.0,0.0,0.0,0.0,0.0,0.0,0.0
Methanoculleus,0.0,0.0,0.0,0.0,0.0,0.0,0.0,0.0,0.0,0.0,0.0,0.0,0.0,0.0,0.0
Methanomassiliicoccus,0.0,0.0,0.0,0.0,0.0,0.0,0.0,0.0,0.0,0.0,0.0,0.0,0.0,0.0,0.0
Methanomassiliicoccus_A,0.0,0.0,0.0,0.0,0.0,0.0,0.0,0.0,0.0,0.0,0.0,0.0,0.0,0.0,0.0
Methanomethylophilus,0.0,0.0,0.0,0.0,0.0,0.0,0.0,0.0,0.0,0.0,0.0,0.0,0.0,0.0,0.0
Methanosphaera,0.0,0.0,0.0,0.0,0.0014705882352940966,0.000563221627710437,0.0,0.0,0.0,0.0,0.0,0.0,0.0,0.0,0.0
Methanothrix,0.0,0.0,0.0,0.0,0.0,0.0,0.0,0.0,0.0,0.0,0.0,0.0,0.0,0.0,0.0
Methylibium,0.0,0.0,0.0,0.0,0.0,0.0,0.0,0.0,0.0,0.0,0.0,0.0,0.0,0.0,0.0
Methylobacillus,0.0,0.0,0.0,0.0,0.0,0.0,0.0,0.0,0.0,0.0,0.0,0.0,0.0,0.0,0.0
Methylobacterium,0.0,0.0,0.0,0.0,0.0,0.0,0.0,0.0,0.0,0.0,0.0,0.0,0.0,0.0,0.0
Methylophilus,0.0,0.0,0.0,0.0,0.0,0.0,0.0,0.0,0.0,0.0,0.0,0.0,0.0,0.0,0.0
Methyloversatilis,0.0,0.0,0.0,0.0,0.0,0.0,0.0,0.0,0.0,0.0,0.0,0.0,0.0,0.0,0.0
Microbacterium,0.0,0.0,0.0,0.0,0.0,0.0,0.0,0.0,0.0,0.0,0.0,0.0,0.0,0.0,0.0
Micrococcus,0.0,0.0,0.0,0.0,0.0,0.0,0.0,0.0,0.0,0.0,0.0,0.0,0.0,0.0,0.0
Micromonospora,0.0,0.0,0.0,0.0,0.0,0.0,0.0,0.0,0.0,0.0,0.0,0.0,0.0,0.0,0.0
Microvirga,0.0,0.0,0.0,0.0,0.0,0.0,0.0,0.0,0.0,0.0,0.0,0.0,0.0,0.0,0.0
Microvirgula,0.0,0.0,0.0,0.0,0.0,0.0,0.0,0.0,0.0,0.0,0.0,0.0,0.0,0.0,0.0
Mitsuaria,0.0,0.0,0.0,0.0,0.0,0.0,0.0,0.0,0.0,0.0,0.0,0.0,0.0,0.0,0.0
Mitsuokella,0.0,0.0,0.0,0.0,0.002941176470588193,0.0,0.0,0.0,0.0,0.0,0.0,0.0,0.0,0.0,0.0
Mixta,0.0,0.0,0.0,0.0,0.0,0.0,0.0,0.0,0.0,0.0,0.0,0.0,0.0,0.0,0.0
Mobilibacterium,0.0,0.0,0.0,0.0,0.0,0.0,0.0,0.0,0.0,0.0,0.0,0.0,0.0,0.0,0.0
Mobiluncus,0.0,0.0,0.0,0.0,0.0,0.0,0.0,0.0,0.0,0.0,0.0,0.0,0.0,0.0,0.0
Moellerella,0.0,0.0,0.0,0.0,0.0,0.0,0.0,0.0,0.0,0.0,0.0,0.0,0.0,0.0,0.0
Mogibacterium,0.0,0.0,0.0,0.0,0.0,0.0,0.0,0.0,0.0,0.0,0.0,0.0,3.133322888923708e-05,0.0,0.0
Monoglobus,0.0,0.0,0.0,0.00911427903715824,0.0,0.0,0.0,0.0,0.0005658242172764802,0.0,0.0022710068130203883,0.0,0.0,0.0,0.0
Moraxella,0.0,0.0,0.0,0.0,0.0,0.0,0.0,0.0,0.0,0.0,0.0,0.0,0.0,0.0,0.0
Moraxella_A,0.0,0.0,0.0,0.0,0.0,0.0,0.0,0.0,0.0,0.0,0.0,0.0,0.0,0.0,0.0
Morganella,0.0,0.0,0.0,0.0,0.0,0.0,0.0002764722145423674,0.0,0.0,0.0,0.0,0.0,0.0,0.0,0.0
MR.S7,0.0,0.0,0.0,0.0,0.0,0.0,0.0,0.0,0.0,0.0,0.0,0.0,0.0,0.0,0.0
Mt11,0.0,0.0,0.0,0.0,0.0,0.0,0.0,0.0,0.0,0.0,0.0,0.0,0.0,0.0,0.0
Mucispirillum,0.0,0.0,0.0,0.0,0.0,0.0,0.0,0.0,0.0,0.0,0.0,0.0,0.0,0.0,0.0
Murdochiella,0.0,0.0,0.0,0.0,0.0,0.0,0.0,0.0,0.0,0.0,0.0,0.0,0.0,0.0,0.0
Muribacter,0.0,0.0,0.0,0.0,0.0,0.0,0.0,0.0,0.0,0.0,0.0,0.0,0.0,0.0,0.0
Muribaculum,0.0,0.0,0.0,0.0,0.0,0.0,0.0,0.0,0.0,0.0,0.0,0.0,0.0,0.0,0.0
Muricomes,0.0,0.0,0.0,0.00046739892498237016,0.0,0.0,0.0,0.0,0.00018860807242542354,0.0,0.0,0.00038124285169647073,3.133322888923708e-05,0.0,0.00026560424966795933
Mycobacterium,0.0,0.0,0.0,0.0,0.0,0.0,0.0,0.0,0.0,0.0,0.0,0.0,0.0,0.0,0.0
Mycoplasma,0.0,0.0,0.0,0.0,0.0,0.0,0.0,0.0,0.0,0.0,0.0,0.0,0.0,0.0,0.0
Mycoplasmopsis,0.0,0.0,0.0,0.0,0.0,0.0,0.0,0.0,0.0,0.0,0.0,0.0,0.0,0.0,0.0
Mycoplasmopsis_B,0.0,0.0,0.0,0.0,0.0,0.0,0.0,0.0,0.0,0.0,0.0,0.0,0.0,0.0,0.0
Myroides,0.0,0.0,0.0,0.0,0.0,0.0,0.0,0.0,0.0,0.0,0.0,0.0,0.0,0.0,0.0
Myxococcus,0.0,0.0,0.0,0.0,0.0,0.0,0.0,0.0,0.0,0.0,0.0,0.0,0.0,0.0,0.0
Natronoflexus,0.0,0.0,0.0,0.0,0.0,0.0,0.0,0.0,0.0,0.0,0.0,0.0,0.0,0.0,0.0
Natronorubrum,0.0,0.0,0.0,0.0,0.0,0.0,0.0,0.0,0.0,0.0,0.0,0.0,0.0,0.0,0.0
Ndongobacter,0.0,0.0,0.0,0.0,0.0,0.0,0.0,0.0,0.0,0.0,0.0,0.0,0.0,0.0,0.0
Necropsobacter,0.0,0.0,0.0,0.0,0.0,0.0,0.0,0.0,0.0,0.0,0.0,0.0,0.0,0.0,0.0
Negativibacillus,0.0,0.0,0.0018083182640143826,0.0,0.0,0.0,0.0,0.0004050222762251329,0.0,0.0,0.0015140045420135922,0.01334349980937866,0.0,0.000772200772200732,0.0
Negativicoccus,0.0,0.0,0.0,0.0,0.0,0.0,0.0005529444290848352,0.0,0.0,0.0,0.0,0.0,0.0,0.0,0.0
Neisseria,0.0,0.0,0.0,0.0,0.0,0.0,0.0,0.0,0.0,0.0,0.0,0.0,0.0,0.0,0.0
Neobacillus,0.0,0.0,0.0,0.0,0.0,0.0,0.0,0.0,0.0,0.0,0.0,0.0,0.0,0.0,0.0
Neobittarella,0.0,0.0,0.0,0.0,0.0,0.0,0.0,0.0,0.0,0.0,0.0,0.00038124285169647073,3.133322888923708e-05,0.0,0.00026560424966795933
Neofamilia,0.0,0.0,0.0,0.0,0.0,0.0,0.0,0.0,0.0,0.0,0.0,0.0,0.0,0.0,0.0
Nesterenkonia,0.0,0.0,0.0,0.0,0.0,0.0,0.0,0.0,0.0,0.0,0.0,0.0,0.0,0.0,0.0
Niallia,0.0,0.0,0.0,0.0,0.0,0.0,0.0,0.0,0.0,0.0,0.0,0.0,0.0,0.0,0.0
Niameybacter,0.0,0.0,0.0,0.0,0.0,0.0,0.0,0.0,0.0,0.0,0.0,0.0,0.0,0.0,0.0
Niastella,0.0,0.0,0.0,0.0,0.0,0.0,0.0,0.0,0.0,0.0,0.0,0.0,0.0,0.0,0.0
NICIL.2,0.0,0.0,0.0,0.0,0.0,0.0,0.0,0.0,0.0,0.0,0.0,0.0,0.0,0.0,0.0
Nitratidesulfovibrio,0.0,0.0,0.0,0.0,0.0,0.0,0.0,0.0,0.0,0.0,0.0,0.0,0.0,0.0,0.0
Nitrosotenuis,0.0,0.0,0.0,0.0,0.0,0.0,0.0,0.0,0.0,0.0,0.0,0.0,0.0,0.0,0.0
NK3B98,0.0,0.0,0.0,0.0,0.0,0.0,0.0,0.0,0.0,0.0,0.0,0.0,0.0,0.000772200772200732,0.0
NK4A136,0.0,0.0,0.0,0.0,0.0,0.0,0.0,0.0,0.0,0.0,0.0,0.0,0.0,0.0,0.0
NK4A144,0.0,0.0,0.0,0.0,0.0,0.0,0.0,0.0,0.0,0.0,0.0,0.0,0.0,0.0,0.0
Nocardioides,0.0,0.0,0.0,0.0,0.0,0.0,0.0,0.0,0.0,0.0,0.0,0.0,0.0,0.0,0.0
Nocardiopsis,0.0,0.0,0.0,0.0,0.0,0.0,0.0,0.0,0.0,0.0,0.0,0.0,0.0,0.0,0.0
Nosocomiicoccus,0.0,0.0,0.0,0.0,0.0,0.0,0.0,0.0,0.0,0.0,0.0,0.0,0.0,0.0,0.0
Oceanobacillus,0.0,0.0,0.0,0.0,0.0,0.0,0.0,0.0,0.0,0.0,0.0,0.0,0.0,0.0,0.0
Ochrobactrum,0.0,0.0,0.0,0.0,0.0,0.0,0.0,0.0,0.0,0.0,0.0,0.0,0.0,0.0,0.0
Ochrobactrum_A,0.0,0.0,0.0,0.0,0.0,0.0,0.0,0.0,0.0,0.0,0.0,0.0,0.0,0.0,0.0
Odoribacter,0.0,0.0,0.0018083182640143826,0.00023369946249118508,0.0,0.0019712756969866817,0.0,0.0004050222762251329,0.0009430403621274321,0.0,0.0011355034065101417,0.0,0.003070656431145207,0.000772200772200732,0.0013280212483399016
Oenococcus,0.0,0.0,0.0,0.0,0.0,0.0,0.0,0.0,0.0,0.0,0.0,0.0,0.0,0.0,0.0
Olegusella,0.0,0.0,0.0,0.0,0.0,0.0,0.0,0.0,0.0,0.0,0.0,0.0,0.0,0.0,0.0
Oligella,0.0,0.0,0.0,0.0,0.0,0.0,0.0,0.0,0.0,0.0,0.0,0.0,0.0,0.0,0.0
Olsenella,0.0,0.0,0.0,0.0,0.0,0.0,0.0,0.0,0.0,0.0,0.0,0.0,0.0,0.0,0.0
Olsenella_B,0.0,0.0,0.0,0.0,0.0,0.0,0.0,0.0,0.0,0.0,0.0,0.0,0.0,0.000772200772200732,0.0
Olsenella_E,0.0,0.0006842285323297156,0.0,0.0,0.0,0.0,0.0,0.0,0.0,0.0,0.0,0.0,0.0,0.0,0.0
OM05.12,0.0,0.0,0.0,0.0,0.0,0.0,0.0,0.0,0.0,0.0,0.0,0.0,0.0,0.0,0.0
Oribacterium,0.0,0.0,0.0,0.0,0.005882352941176386,0.0,0.0,0.0,0.0,0.0,0.0,0.0,3.133322888923708e-05,0.0,0.0
Oryzisolibacter,0.0,0.0,0.0,0.0,0.0,0.0,0.0,0.0,0.0,0.0,0.0,0.0,0.0,0.0,0.0
Oscillatoria,0.0,0.0,0.0,0.0,0.0,0.0,0.0,0.0,0.0,0.0,0.0,0.0,0.0,0.0,0.0
Oscillibacter,0.0,0.0,0.0,0.0,0.0,0.0,0.0,0.0,0.0,0.0,0.0,0.0,0.0,0.0,0.0
Ottowia,0.0,0.0,0.0,0.0,0.0,0.0,0.0,0.0,0.0,0.0,0.0,0.0,3.133322888923708e-05,0.0,0.0
Oxalobacter,0.0,0.0,0.0,0.0,0.0,0.0,0.0,0.0,0.0,0.0,0.0,0.0,0.0,0.001544401544401464,0.0
Paenibacillus,0.0,0.0,0.0,0.0,0.0,0.0,0.0,0.0,0.0,0.0,0.0,0.0,0.0,0.0,0.0
Paenibacillus_A,0.0,0.0,0.0,0.0,0.0,0.0,0.0,0.0,0.0,0.0,0.0,0.0,0.0,0.0,0.0
Paenibacillus_B,0.0,0.0,0.0,0.0,0.0,0.0,0.0,0.0,0.0,0.0,0.0,0.0,0.0,0.0,0.0
Paenibacillus_K,0.0,0.0,0.0,0.0,0.0,0.0,0.0,0.0,0.0,0.0,0.0,0.0,0.0,0.0,0.0
Paeniglutamicibacter,0.0,0.0,0.0,0.0,0.0,0.0,0.0,0.0,0.0,0.0,0.0,0.0,0.0,0.0,0.0
Pandoraea,0.0,0.0,0.0,0.0,0.0,0.0,0.0,0.0,0.0,0.0,0.0,0.0,0.0,0.0,0.0
Pannonibacter,0.0,0.0,0.0,0.0,0.0,0.0,0.0,0.0,0.0,0.0,0.0,0.0,0.0,0.0,0.0
Pantoea,0.0,0.0,0.0,0.0,0.0,0.0,0.0,0.0,0.0,0.0,0.0,0.0,0.0,0.0,0.0
Parabacteroides,0.006738010305192268,0.004447485460143629,0.0036166365280288727,0.006076186024772089,0.0014705882352940966,0.0073218811602365945,0.021288360519767815,0.03928716079384369,0.0028291210863825057,0.008612873980054335,0.009841029523088558,0.01334349980937866,0.005138649537834811,0.0023166023166022983,0.009030544488711772
Paraburkholderia,0.0,0.0,0.0,0.0,0.0,0.0,0.0,0.0,0.0,0.0,0.0,0.0,0.0,0.0,0.0
Paraclostridium,0.0,0.0,0.0,0.0,0.0,0.0,0.0,0.0,0.0,0.0,0.0,0.0,0.0,0.0,0.0
Paracoccus,0.0,0.0,0.0,0.0,0.0,0.0,0.0,0.0,0.0,0.0,0.0,0.0,0.0,0.0,0.0
Parageobacillus,0.0,0.0,0.0,0.0,0.0,0.0,0.0,0.0,0.0,0.0,0.0,0.0,0.0,0.0,0.0
Paramuribaculum,0.0,0.0,0.0,0.0,0.0,0.0,0.0,0.0,0.0,0.0,0.0,0.0,0.0,0.0,0.0
Paraprevotella,0.0,0.0,0.0,0.0,0.0,0.004505773021684004,0.0,0.0,0.0,0.0,0.00037850113550334547,0.0007624857033930508,0.0,0.0,0.0
Pararheinheimera,0.0,0.0,0.0,0.0,0.0,0.0,0.0,0.0,0.0,0.0,0.0,0.0,0.0,0.0,0.0
Parascardovia,0.0,0.0,0.0,0.0,0.0,0.0,0.0,0.0,0.0,0.0,0.0,0.0,0.0,0.0,0.0
Parasphingorhabdus,0.0,0.0,0.0,0.0,0.0,0.0,0.0,0.0,0.0,0.0,0.0,0.0,0.0,0.0,0.0
Parasutterella,0.0,0.0,0.0018083182640143826,0.00023369946249118508,0.0,0.0,0.0,0.0,0.0007544322897019038,0.0,0.0,0.0,0.0005013316622276975,0.0,0.006374501992031864
Parolsenella,0.0,0.0,0.0,0.0,0.0,0.0,0.0,0.0,0.0,0.0,0.0,0.0,0.0,0.0,0.0
Parvimonas,0.0,0.0,0.0,0.0,0.0,0.0,0.0,0.0,0.0,0.0,0.0,0.00038124285169647073,0.0,0.0,0.0
Pasteurella,0.0,0.0,0.0,0.0,0.0,0.0,0.0,0.0,0.0,0.0,0.0,0.0,0.0,0.0,0.0
Paucilactobacillus,0.0,0.0,0.0,0.0,0.0,0.0,0.0,0.0,0.0,0.0,0.0,0.0,0.0,0.0,0.0
Pauljensenia,0.00019817677368202548,0.0003421142661648048,0.0,0.0,0.0,0.0,0.0,0.0,0.0,0.0,0.00037850113550334547,0.0,0.00021933260222459813,0.0,0.00026560424966795933
Pectobacterium,0.0,0.0,0.0,0.0,0.0,0.0,0.0,0.0,0.0,0.0,0.0,0.0,0.0,0.0,0.0
Pediococcus,0.0,0.0,0.0,0.0,0.0,0.0,0.0,0.0,0.0,0.0,0.0,0.0,0.0,0.0,0.0
PeH17,0.0,0.0,0.0036166365280288727,0.0,0.0,0.000563221627710437,0.0,0.0,0.01169370049038108,0.0,0.00037850113550334547,0.0,0.0,0.00540540540540543,0.0
Pelagibacter,0.0,0.0,0.0,0.0,0.0,0.0,0.0,0.0,0.0,0.0,0.0,0.0,0.0,0.0,0.0
Pelistega,0.0,0.0,0.0,0.0,0.0,0.0,0.0,0.0,0.0,0.0,0.0,0.0,0.0,0.0,0.0
Pelomonas,0.0,0.0,0.0,0.0,0.0,0.0,0.0,0.0,0.0,0.0,0.0,0.0,0.0,0.0,0.0
Peptacetobacter,0.0,0.0,0.0,0.0,0.0,0.0,0.0,0.0,0.0,0.0,0.0,0.0,0.0,0.0,0.0
Peptidiphaga,0.0,0.0,0.0,0.0,0.0,0.0,0.0,0.0,0.0,0.0,0.0,0.0,0.0,0.0,0.0
Peptoanaerobacter,0.0,0.0,0.0,0.0,0.0,0.0,0.0,0.0,0.0,0.0,0.0,0.0,0.0,0.0,0.0
Peptococcus,0.0,0.0,0.0,0.0,0.0,0.0,0.0,0.0,0.0,0.0,0.0,0.0,0.0,0.0,0.0
Peptoniphilus,0.0,0.0,0.0,0.0,0.0,0.0,0.0,0.0,0.0,0.0,0.0,0.0,0.0,0.0,0.0
Peptoniphilus_A,0.0,0.0,0.0,0.0,0.0,0.0,0.0,0.0,0.0,0.0,0.0,0.0,0.0,0.0,0.0
Peptoniphilus_B,0.0,0.0,0.0,0.0,0.0,0.0,0.0,0.0,0.0,0.0,0.0,0.0,0.0,0.0,0.0
Peptoniphilus_C,0.0,0.0,0.0,0.0,0.0,0.0,0.0,0.0,0.0,0.0,0.0,0.0,0.0,0.0,0.0
Peptoniphilus_E,0.0,0.0,0.0,0.0,0.0,0.0,0.0,0.0,0.0,0.0,0.0,0.0,0.0,0.0,0.0
Peptostreptococcus,0.0,0.0,0.0,0.0,0.0,0.0,0.0,0.0,0.0,0.0,0.0,0.0,0.0,0.0,0.0
Peribacillus,0.0,0.0,0.0,0.0,0.0,0.0,0.0,0.0,0.0,0.0,0.0,0.0,0.0,0.0,0.0
Phaeobacter,0.0,0.0,0.0,0.0,0.0,0.0,0.0,0.0,0.0,0.0,0.0,0.0,0.0,0.0,0.0
Phascolarctobacterium,0.02120491478398745,0.0,0.0,0.0,0.0,0.0002816108138551677,0.0,0.0,0.024707657487740547,0.009972801450589265,0.0,0.0411742279832254,0.04189252702491,0.0023166023166022983,0.0
Phascolarctobacterium_A,0.0,0.0,0.0,0.0018695956999299063,0.0,0.0,0.0,0.0,0.0,0.0,0.0,0.0,0.0,0.0,0.022841965471447654
Phenylobacterium,0.0,0.0,0.0,0.0,0.0,0.0,0.0,0.0,0.0,0.0,0.0,0.0,0.0,0.0,0.0
Phil1,0.0,0.0,0.007233273056057853,0.0,0.0,0.0,0.0,0.0,0.032817804602037114,0.0,0.00037850113550334547,0.0,0.0,0.0,0.0
Phocaeicola,0.3210463733650431,0.09784468012316153,0.028933092224231627,0.003505491937368521,0.002941176470588193,0.0073218811602365945,0.0005529444290848352,0.11016605913325271,0.0056582421727650115,0.5308250226654592,0.0809992429977295,0.08196721311475431,0.08732570891430393,0.009266409266409295,0.07968127490039872
Phocea,0.00019817677368202548,0.0,0.0,0.0,0.0,0.0,0.0,0.0,0.0003772161448509519,0.0,0.0,0.0015249714067861015,0.0007833307222309009,0.0,0.00026560424966795933
Phoenicibacter,0.0,0.0,0.0,0.0,0.0,0.0,0.0,0.0,0.0,0.0,0.0,0.0,0.0,0.0,0.0
Photobacterium,0.0,0.0,0.0,0.0,0.0,0.0,0.0,0.0,0.0,0.0,0.0,0.0,0.0,0.0,0.0
Phytobacter,0.0,0.0,0.0,0.0,0.0,0.0,0.0,0.0,0.0,0.0,0.0,0.0,0.0,0.0,0.0
Planobacterium.Flavobacterium,0.0,0.0,0.0,0.0,0.0,0.0,0.0,0.0,0.0,0.0,0.0,0.0,0.0,0.0,0.0
Plesiomonas,0.003963535473642469,0.0,0.0,0.0,0.0,0.0,0.0,0.0,0.0,0.0,0.0,0.0,0.0,0.0,0.0
Pluralibacter,0.0,0.0,0.0,0.0,0.0,0.0,0.0,0.0,0.0,0.0,0.0,0.0,0.0,0.0,0.0
Porphyromonas,0.0,0.0,0.0,0.0,0.0,0.0,0.0,0.0,0.0,0.0,0.0,0.0,6.266645777847427e-05,0.0,0.0
Porphyromonas_A,0.0,0.0,0.0,0.0,0.0,0.0,0.0,0.0,0.0,0.0,0.0,0.0,0.0,0.0,0.0
Porphyromonas_A.Phocaeicola,0.0,0.0,0.0,0.0,0.0,0.0,0.0,0.0,0.0,0.0,0.0,0.0,0.0,0.0,0.0
PP17.6a,0.0,0.0,0.0,0.0,0.0,0.0,0.0,0.0,0.0,0.0,0.0,0.0,0.0,0.0,0.0
Pradoshia,0.0,0.0,0.0,0.0,0.0,0.0,0.0,0.0,0.0,0.0,0.0,0.0,0.0,0.0,0.0
Prevotella,0.0,0.04892234006158076,0.0,0.0,0.6500000000000012,0.2506336243311754,0.0,0.0,0.01867219917012458,0.0,0.0007570022710067961,0.0,0.05110449631834573,0.0,0.0
Prevotellamassilia,0.0,0.0,0.0,0.0,0.08382352941176488,0.0,0.0,0.0,0.0,0.0,0.0,0.0,0.0,0.0,0.0
Priestia,0.0,0.0,0.0,0.0,0.0,0.0,0.0,0.0,0.0,0.0,0.0,0.0,0.0,0.0,0.0
Propionibacterium,0.0,0.0,0.0,0.0,0.0,0.0,0.0,0.0,0.0,0.0,0.0,0.0,0.0,0.0,0.0
Propionimicrobium,0.0,0.0,0.0,0.0,0.0,0.0,0.0,0.0,0.0,0.0,0.0,0.0,0.0,0.0,0.0
Proteiniborus,0.0,0.0,0.0,0.0,0.0,0.0,0.0,0.0,0.0,0.0,0.0,0.0,0.0,0.0,0.0
Proteus,0.0,0.0,0.0,0.0,0.0,0.0,0.0,0.0,0.0,0.0,0.0,0.0,0.0,0.0,0.0
Providencia,0.0,0.0,0.0,0.0,0.0,0.0,0.0,0.0,0.0,0.0,0.0,0.0,0.0,0.0,0.0
Pseudescherichia,0.0,0.0,0.0,0.0,0.0,0.0,0.0,0.0,0.0,0.0,0.0,0.0,0.0,0.0,0.0
Pseudidiomarina,0.0,0.0,0.0,0.0,0.0,0.0,0.0,0.0,0.0,0.0,0.0,0.0,0.0,0.0,0.0
Pseudoalteromonas,0.0,0.0,0.0,0.0,0.0,0.0,0.0,0.0,0.0,0.0,0.0,0.0,0.0,0.0,0.0
Pseudobutyrivibrio,0.0,0.0,0.0,0.0,0.0,0.0,0.0,0.0,0.0,0.0,0.0,0.0,0.0,0.0,0.0
Pseudochrobactrum,0.0,0.0,0.0,0.0,0.0,0.0,0.0,0.0,0.0,0.0,0.0,0.0,0.0,0.0,0.0
Pseudocitrobacter,0.0,0.0,0.0,0.0,0.0,0.0,0.0,0.0,0.0,0.0,0.0,0.0,0.0,0.0,0.0
Pseudoclavibacter,0.0,0.0,0.0,0.0,0.0,0.0,0.0,0.0,0.0,0.0,0.0,0.0,0.0,0.0,0.0
Pseudoclavibacter_A,0.0,0.0,0.0,0.0,0.0,0.0,0.0,0.0,0.0,0.0,0.0,0.0,0.0,0.0,0.0
Pseudoflavonifractor,0.0,0.0,0.0,0.0021032951624210916,0.0,0.0,0.0,0.0,0.00018860807242542354,0.0,0.0,0.0,3.133322888923708e-05,0.0,0.0
Pseudoglutamicibacter,0.0,0.0,0.0,0.0,0.0,0.0,0.0,0.0,0.0,0.0,0.0,0.0,0.0,0.0,0.0
Pseudoleptotrichia,0.0,0.0,0.0,0.0,0.0,0.0,0.0,0.0,0.0,0.0,0.0,0.0,0.0,0.0,0.0
Pseudomonas,0.0,0.0,0.0,0.0,0.0,0.0,0.0,0.0,0.0,0.0,0.0,0.0,0.0,0.0,0.0
Pseudomonas_A,0.0,0.0,0.0,0.0,0.0,0.0,0.0,0.0,0.0,0.0,0.0,0.0,0.0,0.0,0.0
Pseudomonas_B,0.0,0.0,0.0,0.0,0.0,0.0,0.0,0.0,0.0,0.0,0.0,0.0,0.0,0.0,0.0
Pseudomonas_C,0.0,0.0,0.0,0.0,0.0,0.0,0.0,0.0,0.0,0.0,0.0,0.0,0.0,0.0,0.0
Pseudomonas_D,0.0,0.0,0.0,0.0,0.0,0.0,0.0,0.0,0.0,0.0,0.0,0.0,0.0,0.0,0.0
Pseudomonas_E,0.0,0.0,0.0,0.0,0.0,0.0,0.0,0.0,0.0,0.0,0.0,0.0,0.04743850853830502,0.0,0.0
Pseudomonas_E.Chryseobacterium,0.0,0.0,0.0,0.0,0.0,0.0,0.0,0.0,0.0,0.0,0.0,0.0,0.0,0.0,0.0
Pseudomonas_F,0.0,0.0,0.0,0.0,0.0,0.0,0.0,0.0,0.0,0.0,0.0,0.0,0.0,0.0,0.0
Pseudomonas_H,0.0,0.0,0.0,0.0,0.0,0.0,0.0,0.0,0.0,0.0,0.0,0.0,0.0,0.0,0.0
Pseudomonas_K,0.0,0.0,0.0,0.0,0.0,0.0,0.0,0.0,0.0,0.0,0.0,0.0,0.0,0.0,0.0
Pseudomonas_N,0.0,0.0,0.0,0.0,0.0,0.0,0.0,0.0,0.0,0.0,0.0,0.0,0.0,0.0,0.0
Pseudomonas_O,0.0,0.0,0.0,0.0,0.0,0.0,0.0,0.0,0.0,0.0,0.0,0.0,0.0,0.0,0.0
Pseudonocardia,0.0,0.0,0.0,0.0,0.0,0.0,0.0,0.0,0.0,0.0,0.0,0.0,0.0,0.0,0.0
Pseudoramibacter,0.0,0.0,0.0,0.0,0.0,0.0,0.0,0.0,0.0,0.0,0.0,0.0,0.0,0.0,0.0
Pseudoruminococcus,0.0,0.0,0.0,0.0,0.0,0.0,0.0,0.0,0.0,0.0,0.012112036336109053,0.0,0.0,0.0,0.0
Pseudoxanthomonas,0.0,0.0,0.0,0.0,0.0,0.0,0.0,0.0,0.0,0.0,0.0,0.0,0.0,0.0,0.0
Pseudoxanthomonas_A,0.0,0.0,0.0,0.0,0.0,0.0,0.0,0.0,0.0,0.0,0.0,0.0,0.0,0.0,0.0
Psychrobacillus,0.0,0.0,0.0,0.0,0.0,0.0,0.0,0.0,0.0,0.0,0.0,0.0,0.0,0.0,0.0
Psychrobacter,0.0,0.0,0.0,0.0,0.0,0.0,0.0,0.0,0.0,0.0,0.0,0.0,0.0,0.0,0.0
Puia,0.0,0.0,0.0,0.0,0.0,0.0,0.0,0.0,0.0,0.0,0.0,0.0,0.0,0.0,0.0
Pyramidobacter,0.0,0.0,0.0,0.0,0.0,0.0,0.0,0.0,0.0,0.0,0.0,0.0,0.0,0.0,0.0
Pyrococcus,0.0,0.0,0.0,0.0,0.0,0.0,0.0,0.0,0.0,0.0,0.0,0.0,0.0,0.0,0.0
QALR01,0.0,0.0,0.0,0.0,0.0,0.0,0.0,0.0,0.0,0.0,0.0,0.0,0.0,0.0,0.0
QALS01,0.0,0.0,0.0,0.0,0.0,0.0,0.0,0.0,0.0020746887966804975,0.0,0.0,0.0,3.133322888923708e-05,0.0,0.000796812749003983
QALW01,0.0,0.0,0.0018083182640143826,0.0,0.0,0.0,0.0,0.0,0.0058468502451904355,0.0,0.0011355034065101417,0.0,0.002036659877800405,0.000772200772200732,0.0
QAMH01,0.0,0.0,0.0018083182640143826,0.0,0.0,0.0,0.0,0.0,0.0005658242172764802,0.0,0.0,0.0,0.0,0.0,0.0
QAMI01,0.0,0.0,0.0,0.0,0.0,0.0,0.0,0.0,0.0,0.0,0.0,0.0,0.0,0.0,0.0
QFNR01,0.0,0.0,0.0,0.0,0.0,0.0,0.0,0.0,0.0,0.0,0.0,0.0,0.0,0.0,0.0
Rahnella,0.0,0.0,0.0,0.0,0.0,0.0,0.0,0.0,0.0,0.0,0.0,0.0,0.0,0.0,0.0
Ralstonia,0.0,0.0,0.0,0.0,0.0,0.0,0.0,0.0,0.0,0.0,0.0,0.0,0.0,0.0,0.0
Raoultella,0.0,0.0,0.0,0.0,0.0,0.0,0.0,0.0,0.0,0.0,0.0,0.0,0.0,0.0,0.0
Rathayibacter,0.0,0.0,0.0,0.0,0.0,0.0,0.0,0.0,0.0,0.0,0.0,0.0,0.0,0.0,0.0
RC9,0.0,0.0,0.0,0.0,0.0014705882352940966,0.0,0.0,0.0,0.0,0.0,0.00037850113550334547,0.0,0.0,0.0,0.0
Rhizobium,0.0,0.0,0.0,0.0,0.0,0.0,0.0,0.0,0.0,0.0,0.0,0.0,0.0,0.0,0.0
Rhodanobacter,0.0,0.0,0.0,0.0,0.0,0.0,0.0,0.0,0.0,0.0,0.0,0.0,0.0,0.0,0.0
Rhodococcus,0.0,0.0,0.0,0.0,0.0,0.0,0.0,0.0,0.0,0.0,0.0,0.0,0.0,0.0,0.0
Rhodococcus_B,0.0,0.0,0.0,0.0,0.0,0.0,0.0,0.0,0.0,0.0,0.0,0.0,0.0,0.0,0.0
Rhodococcus_C,0.0,0.0,0.0,0.0,0.0,0.0,0.0,0.0,0.0,0.0,0.0,0.0,0.0,0.0,0.0
Rhodopseudomonas,0.0,0.0,0.0,0.0,0.0,0.0,0.0,0.0,0.0,0.0,0.0,0.0,0.0,0.0,0.0
Rickettsia,0.0,0.0,0.0,0.0,0.0,0.0,0.0,0.0,0.0,0.0,0.0,0.0,0.0,0.0,0.0
Rickettsiella_A,0.0,0.0,0.0,0.0,0.0,0.0,0.0,0.0,0.0,0.0,0.0,0.0,0.0,0.0,0.0
Rikenella,0.0,0.0,0.0,0.0,0.0,0.0,0.0,0.0,0.0,0.0,0.0,0.0,0.0,0.0,0.0
Rivicola,0.0,0.0,0.0,0.0,0.0,0.0,0.0,0.0,0.0,0.0,0.0,0.0,0.0,0.0,0.0
Robinsoniella,0.0,0.0,0.0,0.0,0.0,0.0,0.0,0.0,0.0,0.0,0.0,0.0,0.0,0.0,0.0
Rodentibacter,0.0,0.0,0.0,0.0,0.0,0.0,0.0,0.0,0.0,0.0,0.0,0.0,0.0,0.0,0.0
Romboutsia,0.0,0.0,0.007233273056057853,0.0,0.0,0.0002816108138551677,0.0,0.0,0.0018860807242549692,0.0004533091568449436,0.00037850113550334547,0.0,3.133322888923708e-05,0.000772200772200732,0.0
Roseburia,0.0007927070947284112,0.007184399589462915,0.007233273056057853,0.0016358962374386147,0.0044117647058822896,0.000563221627710437,0.0,0.0020251113811258713,0.0033949453036589863,0.03309156844968281,0.0022710068130203883,0.0,0.0005326648911170003,0.001544401544401464,0.006374501992031864
Roseibium,0.0,0.0,0.0,0.0,0.0,0.0,0.0,0.0,0.0,0.0,0.0,0.0,0.0,0.0,0.0
Roseomonas,0.0,0.0,0.0,0.0,0.0,0.0,0.0,0.0,0.0,0.0,0.0,0.0,0.0,0.0,0.0
Rossellomorea,0.0,0.0,0.0,0.0,0.0,0.0,0.0,0.0,0.0,0.0,0.0,0.0,0.0,0.0,0.0
Rothia,0.00019817677368202548,0.0006842285323297156,0.0,0.0,0.0,0.0,0.0013823610727121383,0.0,0.0,0.0,0.0,0.0,9.399968666771134e-05,0.0,0.0
Rouxiella,0.0,0.0,0.0,0.0,0.0,0.0,0.0,0.0,0.0,0.0,0.0,0.0,0.0,0.0,0.0
Rubneribacter,0.0,0.0,0.0,0.00023369946249118508,0.0,0.0,0.0,0.0,0.0,0.0,0.0,0.0,0.0,0.0,0.0
RUG013,0.0,0.0,0.0,0.0,0.0,0.0,0.0,0.0,0.0,0.0,0.0,0.0,0.0,0.0,0.0
RUG115,0.00019817677368202548,0.0006842285323297156,0.0018083182640143826,0.0,0.0,0.0002816108138551677,0.0,0.0,0.00018860807242542354,0.0,0.014004542013626095,0.0,0.00018799937333539957,0.0,0.00026560424966795933
RUG131,0.0,0.0,0.0,0.0,0.0,0.0,0.0,0.0,0.0,0.0,0.0,0.0,0.0,0.0,0.0
RUG472,0.0,0.0,0.0,0.0,0.0,0.0,0.0,0.0,0.0,0.0,0.0,0.0,0.0,0.0,0.0
RUG705,0.0,0.0,0.0,0.0,0.0,0.0,0.0,0.0,0.0,0.0,0.0,0.0,0.0,0.0,0.0
Ruminiclostridium_E,0.0,0.0,0.005424954792043363,0.0074783827997195185,0.0,0.0,0.0,0.0008100445524503693,0.0320633723123351,0.0,0.0011355034065101417,0.0,3.133322888923708e-05,0.009266409266409295,0.0
Ruminococcus,0.0,0.0,0.0,0.0,0.0,0.0,0.0,0.0,0.002451904941531449,0.0,0.0,0.0,0.0,0.000772200772200732,0.0
Ruminococcus_A,0.0011890606420926686,0.0,0.0018083182640143826,0.0,0.002941176470588193,0.0002816108138551677,0.0,0.0,0.0,0.0004533091568449436,0.0018925056775170427,0.0,0.0015666614444618018,0.001544401544401464,0.0
Ruminococcus_B,0.015259611573523695,0.0006842285323297156,0.0,0.09862117317130234,0.0,0.0,0.0005529444290848352,0.0004050222762251329,0.0,0.0009066183136898872,0.0,0.004574914220358305,9.399968666771145e-05,0.0,0.0013280212483399016
Ruminococcus_C,0.0,0.0010263427984946265,0.009041591320072343,0.0,0.002941176470588193,0.0002816108138551677,0.0,0.003645200486026714,0.0016974726518294407,0.0,0.0018925056775170427,0.0,0.0005953313488955014,0.0,0.012217795484727808
Ruminococcus_D,0.0,0.006842285323298005,0.030741410488246117,0.0,0.0,0.0,0.0,0.0,0.0003772161448509519,0.0,0.006434519303557924,0.00038124285169647073,0.2089613034623229,0.00540540540540543,0.006108897742363904
Ruminococcus_E,0.0,0.0003421142661648048,0.04339963833634745,0.0028043935498948593,0.0,0.0002816108138551677,0.0,0.0,0.006224066390041492,0.014052583862194061,0.0007570022710067961,0.08654212733511274,0.0,0.022393822393822455,0.059495351925630977
Ruminococcus_F,0.0,0.0,0.0036166365280288727,0.0,0.0,0.0,0.0,0.0,0.0,0.0,0.0,0.0,0.0,0.0,0.0
Ruminococcus_G,0.0,0.0,0.0,0.0,0.0,0.0,0.0,0.0,0.0,0.0,0.0,0.0,0.0,0.0,0.0
Ruthenibacterium,0.00019817677368202548,0.0,0.0,0.010049076887123193,0.0,0.0002816108138551677,0.0,0.007290400972053428,0.0005658242172764802,0.0004533091568449436,0.0011355034065101417,0.026686999618757215,0.0023813253955820056,0.000772200772200732,0.005843293492695841
S5.A14a,0.0,0.0,0.0,0.0,0.0,0.0,0.0,0.0,0.0,0.0,0.0,0.0,0.0,0.0,0.0
Saccharimonas,0.0,0.0,0.0,0.0,0.0,0.0,0.0,0.0,0.0,0.0,0.0,0.0,0.0,0.0,0.0
Saccharococcus,0.0,0.0,0.0,0.0,0.0,0.0,0.0,0.0,0.0,0.0,0.0,0.0,0.0,0.0,0.0
Saccharofermentans,0.0,0.0,0.0,0.0,0.0,0.0,0.0,0.0,0.0,0.0,0.0,0.0,0.0,0.0,0.0
Saccharomonospora,0.0,0.0,0.0,0.0,0.0,0.0,0.0,0.0,0.0,0.0,0.0,0.0,0.0,0.0,0.0
Saccharopolyspora,0.0,0.0,0.0,0.0,0.0,0.0,0.0,0.0,0.0,0.0,0.0,0.0,0.0,0.0,0.0
Salinicoccus,0.0,0.0,0.0,0.0,0.0,0.0,0.0,0.0,0.0,0.0,0.0,0.0,0.0,0.0,0.0
Salinicola,0.0,0.0,0.0,0.0,0.0,0.0,0.0,0.0,0.0,0.0,0.0,0.0,0.0,0.0,0.0
Salinivibrio,0.0,0.0,0.0,0.0,0.0,0.0,0.0,0.0,0.0,0.0,0.0,0.0,0.0,0.0,0.0
Salipiger,0.0,0.0,0.0,0.0,0.0,0.0,0.0,0.0,0.0,0.0,0.0,0.0,0.0,0.0,0.0
Salmonella,0.0,0.0,0.0,0.0,0.0,0.0,0.0,0.0,0.0,0.0,0.0,0.0,0.0,0.0,0.0
Sanguibacter,0.0,0.0,0.0,0.0,0.0,0.0,0.0,0.0,0.0,0.0,0.0,0.0,0.0,0.0,0.0
Scardovia,0.0,0.0,0.0,0.00023369946249118508,0.0,0.0,0.0,0.0,0.0,0.0,0.0,0.0,0.0,0.0,0.0
Schaedlerella,0.00019817677368202548,0.0006842285323297156,0.0,0.00023369946249118508,0.0,0.0,0.0,0.0004050222762251329,0.0,0.0,0.0,0.004574914220358305,0.0,0.0,0.00026560424966795933
Schleiferilactobacillus,0.0,0.0,0.0,0.0,0.0,0.0,0.0,0.0,0.0,0.0,0.0,0.0,0.0,0.0,0.0
Schwartzia,0.0,0.0,0.0,0.0,0.0,0.0,0.0,0.0,0.0,0.0,0.0,0.0,0.0,0.0,0.0
SDRW01,0.0,0.0,0.0,0.0,0.0,0.0,0.0,0.0,0.0,0.0,0.0,0.00038124285169647073,3.133322888923708e-05,0.0,0.0
Sebaldella,0.0,0.0,0.0,0.0,0.0,0.0,0.0,0.0,0.0,0.0,0.0,0.0,0.0,0.0,0.0
Secundilactobacillus,0.0,0.0,0.0,0.0,0.0,0.0,0.0,0.0,0.0,0.0,0.0,0.0,0.0,0.0,0.0
Sediminibacterium,0.0,0.0,0.0,0.0,0.0,0.0,0.0,0.0,0.0,0.0,0.0,0.0,0.0,0.0,0.0
Selenomonas,0.0,0.0,0.0,0.0,0.0,0.0,0.0,0.0,0.0,0.0,0.0,0.0,0.0,0.0,0.0
Selenomonas_A,0.0,0.0,0.0,0.0,0.0,0.0,0.0,0.0,0.0,0.0,0.0,0.0,0.0,0.0,0.0
Selenomonas_C,0.0,0.0,0.0,0.0,0.0,0.0,0.0,0.0,0.0,0.0,0.0,0.0,0.0,0.0,0.0
Sellimonas,0.0,0.0,0.0,0.00046739892498237016,0.0,0.0,0.0,0.0004050222762251329,0.0,0.0,0.0,0.0,3.133322888923708e-05,0.0,0.0
Senegalimassilia,0.0,0.0,0.0,0.0,0.0,0.0,0.0,0.0,0.0,0.0,0.0,0.0,0.0,0.0,0.0
Serinicoccus,0.0,0.0,0.0,0.0,0.0,0.0,0.0,0.0,0.0,0.0,0.0,0.0,0.0,0.0,0.0
Serratia,0.0,0.0,0.0,0.0,0.0,0.0,0.0,0.0,0.0,0.0,0.0,0.0,0.0,0.0,0.0
Serratia_A,0.0,0.0,0.0,0.0,0.0,0.0,0.0,0.0,0.0,0.0,0.0,0.0,0.0,0.0,0.0
Serratia_B,0.0,0.006842285323298005,0.0,0.0,0.0,0.0,0.0,0.0,0.0,0.0,0.0,0.0,0.0,0.0,0.0
Serratia_F,0.0,0.0,0.0,0.0,0.0,0.0,0.0,0.0,0.0,0.0,0.0,0.0,0.0,0.0,0.0
SFEB01,0.0,0.0,0.0,0.0,0.0,0.0,0.0,0.0,0.0,0.0,0.0,0.0,0.0,0.0,0.0
SFEL01,0.0,0.0,0.0018083182640143826,0.00046739892498237016,0.0,0.0,0.0,0.0012150668286755022,0.01471142964918901,0.0,0.0,0.0,0.0,0.003861003861003864,0.0
SFFH01,0.0,0.0006842285323297156,0.0,0.0,0.0,0.0,0.0,0.0,0.00018860807242542354,0.0,0.00037850113550334547,0.0,0.0010339965533448018,0.000772200772200732,0.00026560424966795933
SFHK01,0.0,0.0,0.0,0.0,0.0,0.0,0.0,0.0,0.0,0.0,0.0,0.0,0.0,0.0,0.0
SFMI01,0.0,0.0,0.0,0.0,0.0,0.0,0.0,0.0,0.0,0.0,0.0,0.0,0.0,0.0,0.0
Sharpea,0.0,0.0,0.0,0.0,0.0,0.0,0.0,0.0,0.0,0.0,0.0,0.0,0.0,0.0,0.0
Shewanella,0.0,0.0,0.0,0.0,0.0,0.0,0.0,0.0,0.0,0.0,0.0,0.0,0.0,0.0,0.0
Shimwellia,0.0,0.0,0.0,0.0,0.0,0.0,0.0,0.0,0.0,0.0,0.0,0.0,0.0,0.0,0.0
Shinella,0.0,0.0,0.0,0.0,0.0,0.0,0.0,0.0,0.0,0.0,0.0,0.0,0.0,0.0,0.0
Shuttleworthia,0.0,0.0,0.0,0.0,0.0,0.0,0.0,0.0,0.0,0.0,0.0,0.0,0.0,0.0,0.0
Siccibacter,0.0,0.0,0.0,0.0,0.0,0.0,0.0,0.0,0.0,0.0,0.0,0.0,0.0,0.0,0.0
Siminovitchia,0.0,0.0,0.0,0.0,0.0,0.0,0.0,0.0,0.0,0.0,0.0,0.0,0.0,0.0,0.0
Sinorhizobium,0.0,0.0,0.0,0.0,0.0,0.0,0.0,0.0,0.0,0.0,0.0,0.0,0.0,0.0,0.0
Slackia,0.0,0.0,0.0,0.0,0.0,0.0,0.0,0.0,0.0,0.0,0.0,0.0,0.0,0.0,0.0
Slackia_A,0.0,0.0,0.0,0.0,0.0,0.0,0.0,0.0,0.0,0.0,0.0,0.0,0.0,0.0,0.0
Sneathia,0.0,0.0,0.0,0.0,0.0,0.0,0.0,0.0,0.0,0.0,0.0,0.0,0.0,0.0,0.0
Snodgrassella,0.0,0.0,0.0,0.0,0.0,0.0,0.0,0.0,0.0,0.0,0.0,0.0,0.0,0.0,0.0
Sodaliphilus,0.0,0.0,0.0,0.0,0.0,0.0,0.0,0.0,0.0,0.0,0.0,0.0,0.0,0.0,0.0
Sodalis_A,0.0,0.0,0.0,0.0,0.0,0.0,0.0,0.0,0.0,0.0,0.0,0.0,0.0,0.0,0.0
Soleaferrea,0.0,0.0,0.0,0.0,0.0,0.0,0.0,0.0,0.0,0.0,0.0,0.0,0.0,0.0,0.0
Solibacillus,0.0,0.0,0.0,0.0,0.0,0.0,0.0,0.0,0.0,0.0,0.0,0.0,0.0,0.0,0.0
Solirubrobacter,0.0,0.0,0.0,0.0,0.0,0.0,0.0,0.0,0.0,0.0,0.0,0.0,0.0,0.0,0.0
Sphaerotilus,0.0,0.0,0.0,0.0,0.0,0.0,0.0,0.0,0.0,0.0,0.0,0.0,0.0,0.0,0.0
Sphingobacterium,0.0,0.0,0.0,0.0,0.0,0.0,0.0,0.0,0.0,0.0,0.0,0.0,0.0,0.0,0.0
Sphingobium,0.0,0.0,0.0,0.0,0.0,0.0,0.0,0.0,0.0,0.0,0.0,0.0,0.0,0.0,0.0
Sphingomonas,0.0,0.0,0.0,0.0,0.0,0.0,0.0,0.0,0.0,0.0,0.0,0.0,3.133322888923708e-05,0.0,0.0
Sphingomonas.Enterobacter,0.0,0.0,0.0,0.0,0.0,0.0,0.0,0.0,0.0,0.0,0.0,0.0,0.0,0.0,0.0
Sphingopyxis,0.0,0.0,0.0,0.0,0.0,0.0,0.0,0.0,0.0,0.0,0.0,0.0,0.0,0.0,0.0
Spirillospora,0.0,0.0,0.0,0.0,0.0,0.0,0.0,0.0,0.0,0.0,0.0,0.0,0.0,0.0,0.0
Sporanaerobacter,0.0,0.0,0.0,0.0,0.0,0.0,0.0,0.0,0.0,0.0,0.0,0.0,0.0,0.0,0.0
Sporosarcina,0.0,0.0,0.0,0.0,0.0,0.0,0.0,0.0,0.0,0.0,0.0,0.0,0.0,0.0,0.0
Staphylococcus,0.0,0.0003421142661648048,0.0,0.0,0.0,0.0002816108138551677,0.004423555432678984,0.0,0.0,0.0,0.0,0.0,0.0,0.0,0.0
Staphylococcus_A,0.0,0.0,0.0,0.0,0.0,0.0,0.0,0.0,0.0,0.0,0.0,0.0,0.0,0.0,0.0
Stenotrophomonas,0.0,0.0,0.0,0.0,0.0,0.0,0.0,0.0,0.0,0.0,0.0,0.0,0.0,0.0,0.0
Stenotrophomonas_A,0.0,0.0,0.0,0.0,0.0,0.0,0.0,0.0,0.0,0.0,0.0,0.0,0.0,0.0,0.0
Stomatobaculum,0.0,0.0,0.0,0.0,0.0,0.0,0.0,0.0,0.0,0.0,0.0,0.0,0.0,0.0,0.0
Stoquefichus,0.0,0.0,0.0,0.0,0.0,0.0,0.0,0.0,0.0,0.0,0.0,0.0,0.0,0.0,0.0
Streptobacillus,0.0,0.0,0.0,0.0,0.0,0.0,0.0,0.0,0.0,0.0,0.0,0.0,0.0,0.0,0.0
Streptococcus,0.003170828378913954,0.04208005473828276,0.0036166365280288727,0.006076186024772089,0.002941176470588193,0.0019712756969866817,0.1680951064418026,0.0,0.0005658242172764802,0.0013599274705348306,0.006056018168054474,0.009149828440716717,0.0005639981200061987,0.001544401544401464,0.00026560424966795933
Streptomyces,0.0,0.0,0.0,0.0,0.0,0.0,0.0,0.0,0.0,0.0,0.0,0.0,0.0,0.0,0.0
Succinatimonas,0.0,0.0,0.0,0.0,0.0,0.0,0.0,0.0,0.0,0.0,0.0,0.0015249714067861015,0.0,0.0,0.0
Succiniclasticum,0.0,0.0,0.0,0.0,0.0,0.0,0.0,0.0,0.0,0.0,0.0,0.0,0.0,0.0,0.0
Succinivibrio,0.0,0.0,0.0,0.0,0.01323529411764708,0.0,0.0,0.0,0.0,0.0,0.0,0.0,0.0,0.0,0.0
Superficieibacter,0.0,0.0,0.0,0.0,0.0,0.0,0.0,0.0,0.0,0.0,0.0,0.0,0.0,0.0,0.0
Sutterella,0.005945303210463755,0.015737256243585476,0.0,0.0,0.0014705882352940966,0.003379329766263028,0.0,0.0004050222762251329,0.0,0.0,0.0007570022710067961,0.00038124285169647073,0.0,0.000772200772200732,0.0
Synechocystis,0.0,0.0,0.0,0.0,0.0,0.0,0.0,0.0,0.0,0.0,0.0,0.0,0.0,0.0,0.0
Synergistes,0.0,0.0,0.0,0.0,0.0,0.0,0.0,0.0,0.0,0.0,0.0,0.0,0.0,0.0,0.0
Tannerella,0.0,0.0,0.0,0.0,0.0,0.0,0.0,0.0,0.0,0.0,0.0,0.0,0.0,0.0,0.0
Tatumella,0.0,0.0,0.0,0.0,0.0,0.0,0.0,0.0,0.0,0.0,0.0,0.0,0.0,0.0,0.0
Tener.01,0.0,0.0,0.0,0.0,0.0,0.0,0.0,0.0,0.0,0.0,0.0,0.0,0.0,0.0,0.0
Tepidimonas,0.0,0.0,0.0,0.0,0.0,0.0,0.0,0.0,0.0,0.0,0.0,0.0,0.0,0.0,0.0
Tepidiphilus,0.0,0.0,0.0,0.0,0.0,0.0,0.0,0.0,0.0,0.0,0.0,0.0,0.0,0.0,0.0
Terrisporobacter,0.0,0.0,0.007233273056057853,0.0,0.002941176470588193,0.0002816108138551677,0.0,0.0,0.0003772161448509519,0.0,0.0,0.0,0.0,0.0,0.0
Tetragenococcus,0.0,0.0,0.0,0.0,0.0,0.0,0.0,0.0,0.0,0.0,0.0,0.0,0.0,0.0,0.0
TF01.11,0.0,0.00239479986315427,0.009041591320072343,0.00023369946249118508,0.0,0.0,0.0,0.0,0.002451904941531449,0.0018132366273798757,0.00037850113550334547,0.0,0.0002506658311137967,0.0023166023166022983,0.000796812749003983
Thauera,0.0,0.0,0.0,0.0,0.0,0.0,0.0,0.0,0.0,0.0,0.0,0.0,0.0,0.0,0.0
Thermoanaerobacterium,0.0,0.0,0.0,0.0,0.0,0.0,0.0,0.0,0.0,0.0,0.0,0.0,0.0,0.0,0.0
Thermus,0.0,0.0,0.0,0.0,0.0,0.0,0.0,0.0,0.0,0.0,0.0,0.0,0.0,0.0,0.0
Tidjanibacter,0.0,0.0,0.0,0.005375087637298427,0.0,0.0,0.0,0.0,0.0,0.0,0.00037850113550334547,0.0,0.0,0.0,0.0
Tissierella,0.0,0.0,0.0,0.0,0.0,0.0,0.0,0.0,0.0,0.0,0.0,0.0,0.0,0.0,0.0
TM7x,0.0,0.0,0.0,0.0,0.0,0.0,0.0,0.0,0.0,0.0,0.0,0.0,0.00012533291555689836,0.0,0.0
Traorella,0.0,0.0,0.0,0.00046739892498237016,0.0,0.0,0.0,0.0,0.0,0.0,0.0,0.0,0.0,0.0,0.0
Treponema,0.0,0.0,0.0,0.0,0.0,0.0,0.0,0.0,0.0,0.0,0.0,0.0,0.0,0.0,0.0
Treponema_B,0.0,0.0,0.0,0.0,0.0,0.0,0.0,0.0,0.0,0.0,0.0,0.0,0.0,0.0,0.0
Treponema_C,0.0,0.0,0.0,0.0,0.0,0.0,0.0,0.0,0.0,0.0,0.0,0.0,0.0,0.0,0.0
Treponema_D,0.0,0.0,0.0,0.0,0.0,0.0,0.0,0.0,0.0,0.0,0.0,0.0,0.0,0.0,0.0
Tropheryma,0.0,0.0,0.0,0.0,0.0,0.0,0.0,0.0,0.0,0.0,0.0,0.0,0.0,0.0,0.0
Trueperella,0.0,0.0,0.0,0.0,0.0,0.0,0.0,0.0,0.0,0.0,0.0,0.0,0.0,0.0,0.0
Tsukamurella,0.0,0.0,0.0,0.0,0.0,0.0,0.0,0.0,0.0,0.0,0.0,0.0,0.0,0.0,0.0
Turicibacter,0.0,0.0,0.0018083182640143826,0.0,0.0014705882352940966,0.0,0.0,0.0,0.0005658242172764802,0.0,0.0,0.0,3.133322888923708e-05,0.0,0.0
Turicimonas,0.0007927070947284112,0.0,0.0,0.0,0.0,0.0,0.0,0.0,0.0,0.0,0.0,0.0,0.0,0.0,0.0
UBA10281,0.0,0.0,0.0,0.0,0.0,0.0,0.0,0.0,0.0,0.0,0.0,0.0,0.0,0.0,0.0
UBA10677,0.0,0.0,0.0,0.0,0.0,0.0,0.0,0.0,0.0013202565069784888,0.0,0.0,0.0,0.0,0.000772200772200732,0.0
UBA11452,0.0,0.0,0.0,0.0,0.0,0.0,0.0,0.0,0.0,0.0,0.0,0.0,0.0,0.000772200772200732,0.0
UBA11471,0.0,0.0,0.0,0.0,0.0,0.0,0.0,0.0004050222762251329,0.0,0.0,0.0,0.0,0.0,0.0023166023166022983,0.0
UBA11512,0.0,0.0,0.0,0.0,0.0,0.0,0.0,0.0,0.0,0.0,0.0,0.0,0.0,0.0,0.0
UBA11517,0.0,0.0,0.0,0.0,0.0,0.0,0.0,0.0,0.0,0.0,0.0,0.0,0.0,0.0,0.0
UBA11524,0.0,0.0003421142661648048,0.021699819168173776,0.0,0.0,0.0008448324415657063,0.0,0.0,0.0028291210863825057,0.0,0.04844814534443631,0.0,0.0,0.000772200772200732,0.0
UBA11549,0.0,0.0,0.0,0.0,0.0,0.0,0.0,0.0,0.0,0.0,0.0,0.0,0.0,0.0,0.0
UBA1191,0.0,0.0,0.0018083182640143826,0.00046739892498237016,0.0,0.000563221627710437,0.0,0.0,0.0033949453036589863,0.0,0.0007570022710067961,0.0,0.0007833307222309009,0.0,0.0005312084993359187
UBA11940,0.0,0.0,0.0,0.00023369946249118508,0.0,0.0,0.0,0.0,0.0,0.0,0.0,0.0,0.0,0.0,0.0
UBA1206,0.0,0.0,0.0,0.0,0.0,0.0,0.0,0.0,0.0,0.0,0.0,0.0,0.0,0.0,0.0
UBA1227,0.0,0.0,0.0,0.0,0.0,0.0,0.0,0.0,0.0,0.0,0.0,0.0,0.0,0.0,0.0
UBA1234,0.0,0.0,0.0,0.0,0.0,0.0,0.0,0.0,0.0,0.0,0.0,0.0,0.0,0.0,0.0
UBA1394,0.0,0.0,0.0,0.0009347978499648467,0.0,0.0,0.0,0.0,0.0,0.0,0.0,0.0,0.0,0.0,0.0
UBA1409,0.0,0.0,0.0,0.0,0.0,0.0,0.0,0.0,0.0,0.0,0.0,0.0,0.0,0.0,0.0
UBA1417,0.0,0.0010263427984946265,0.0036166365280288727,0.0,0.0,0.000563221627710437,0.0,0.0,0.003960769520935467,0.0,0.0011355034065101417,0.0,0.02772990756697487,0.000772200772200732,0.0005312084993359187
UBA1436,0.0,0.0,0.0,0.0,0.0,0.0,0.0,0.0,0.0,0.0,0.0,0.0,0.0,0.0,0.0
UBA1685,0.0,0.0,0.0,0.0,0.0,0.0,0.0,0.0,0.0,0.0,0.0,0.0,0.0,0.0,0.0
UBA1691,0.0,0.0,0.0,0.0,0.0,0.0,0.0,0.0,0.0,0.0,0.0,0.0,0.0,0.0,0.0
UBA1752,0.0,0.0,0.0,0.0,0.0,0.0,0.0,0.0,0.0,0.0,0.0,0.0,0.0,0.0,0.0
UBA1777,0.0,0.0,0.0,0.0,0.0,0.0,0.0,0.0,0.0,0.0,0.0,0.0,0.0,0.0,0.0
UBA1820,0.0,0.0,0.0,0.0,0.0,0.0,0.0,0.0,0.0,0.0,0.0,0.0,0.0,0.000772200772200732,0.0
UBA1822,0.0,0.0,0.0,0.0,0.0,0.0,0.0,0.0,0.0,0.0,0.0,0.0,0.0,0.0,0.0
UBA1829,0.0,0.0,0.0,0.0,0.0,0.0,0.0,0.0,0.0,0.0,0.0,0.0,0.0,0.0,0.0
UBA2866,0.0,0.0,0.0,0.0,0.0,0.0,0.0,0.0,0.0,0.0,0.0,0.0,0.0,0.0,0.0
UBA2883,0.0,0.0,0.0,0.0,0.0,0.0,0.0,0.0,0.0,0.0,0.0,0.0,0.0,0.0,0.0
UBA3210,0.0,0.0,0.0,0.0,0.0,0.0,0.0,0.0,0.0,0.0,0.0,0.0,0.0,0.0,0.0
UBA3263,0.0,0.0,0.0,0.0,0.0,0.0,0.0,0.0,0.0,0.0,0.0,0.0,0.0,0.0,0.0
UBA3402,0.0,0.0003421142661648048,0.0018083182640143826,0.0,0.0,0.00253449732469722,0.0,0.0,0.0,0.0004533091568449436,0.0,0.0,0.0,0.000772200772200732,0.0
UBA3631,0.0,0.0,0.0,0.0,0.0,0.0,0.0,0.0,0.0,0.0,0.0,0.0,0.0,0.0,0.0
UBA3789,0.0,0.0,0.0,0.0,0.0,0.0,0.0,0.0,0.0,0.0,0.0,0.0,0.0,0.0,0.0
UBA4285,0.0,0.0,0.0,0.0,0.0,0.0,0.0,0.0,0.0,0.0,0.0,0.0,0.0,0.0,0.0
UBA4372,0.0,0.0,0.0,0.0,0.0,0.0,0.0,0.0,0.0,0.0,0.0,0.0,0.0,0.0,0.0
UBA4855,0.0,0.0,0.0,0.0,0.0,0.0,0.0,0.0,0.0,0.0,0.0,0.0,0.0,0.0,0.0
UBA5026,0.0,0.0,0.0,0.0,0.0,0.0,0.0,0.0,0.0,0.0,0.00037850113550334547,0.0,0.0,0.01621621621621629,0.0
UBA5416,0.0,0.0,0.0,0.0,0.0,0.0,0.0,0.0,0.0,0.0,0.0,0.0,0.0,0.0,0.0
UBA5446,0.0,0.0,0.0,0.02407104463659749,0.0,0.0,0.0,0.0,0.0020746887966804975,0.0,0.009462528387585213,0.0,6.266645777847427e-05,0.000772200772200732,0.0
UBA5905,0.0,0.0,0.0,0.0,0.0,0.0,0.0,0.0,0.0,0.0,0.0,0.0,0.0,0.0,0.0
UBA6175,0.0,0.0,0.0,0.0,0.0,0.0,0.0,0.0,0.0,0.0,0.0,0.0,0.0,0.0,0.0
UBA629,0.0,0.0,0.0,0.0,0.0,0.0,0.0,0.0,0.0,0.0,0.0,0.0,3.133322888923708e-05,0.0,0.0
UBA6382,0.0,0.0,0.0,0.0,0.0,0.0,0.0,0.0,0.0,0.0,0.0,0.0,0.0,0.0,0.0
UBA6398,0.0,0.0,0.0,0.0,0.002941176470588193,0.0,0.0,0.0,0.0,0.0,0.0,0.0,0.0,0.0,0.0
UBA644,0.0,0.0010263427984946265,0.0,0.0,0.0,0.0,0.0,0.0,0.0,0.0,0.0,0.0,0.0,0.0,0.0
UBA6984,0.0,0.0,0.0,0.0,0.0,0.0,0.0,0.0,0.0,0.0,0.0,0.0,0.0,0.0,0.0
UBA7057,0.0,0.0,0.005424954792043363,0.0,0.0,0.0,0.0,0.0,0.0,0.0,0.0,0.0,0.0,0.0,0.0
UBA71,0.0,0.0,0.0,0.0,0.0,0.0,0.0,0.0,0.0,0.0,0.0,0.0,0.0,0.0,0.0
UBA7173,0.0,0.0,0.005424954792043363,0.0,0.0,0.0,0.0,0.002430133657351108,0.0,0.0,0.0,0.0,0.0,0.001544401544401464,0.0
UBA7182,0.0007927070947284112,0.0010263427984946265,0.0,0.00023369946249118508,0.0014705882352940966,0.00253449732469722,0.0,0.0008100445524503693,0.00018860807242542354,0.0,0.0,0.0,0.00018799937333539957,0.000772200772200732,0.000796812749003983
UBA733,0.0,0.0,0.0,0.0,0.0,0.0,0.0,0.0,0.0,0.0,0.0,0.0,0.0,0.0,0.0
UBA737,0.0,0.0,0.0,0.0,0.0,0.0,0.0,0.0,0.007355714824594453,0.0,0.0,0.0,0.006078646404511913,0.00308880308880303,0.0
UBA738,0.0,0.0041053711939787185,0.0,0.00023369946249118508,0.0,0.0,0.0,0.0,0.0,0.0,0.03936411809235455,0.0,0.0,0.0046332046332045965,0.0
UBA7597,0.0,0.01710571330824501,0.0,0.0,0.0,0.0,0.0,0.0,0.0,0.0,0.0,0.0,0.0,0.009266409266409295,0.0
UBA7748,0.0,0.0,0.0,0.0,0.0,0.0,0.0,0.0,0.0,0.0,0.0,0.0,0.0,0.0,0.0
UBA9475,0.0,0.0,0.0,0.0007010983874736616,0.0,0.0,0.0,0.0,0.0,0.0,0.0,0.0015249714067861015,0.00012533291555689836,0.0,0.000796812749003983
UBA9502,0.00039635354736415406,0.0003421142661648048,0.0,0.0,0.0,0.000563221627710437,0.0,0.0008100445524503693,0.00018860807242542354,0.0009066183136898872,0.00037850113550334547,0.015249714067861233,0.0,0.000772200772200732,0.001593625498007966
UBA9732,0.0,0.0,0.0,0.0,0.0,0.0,0.0,0.0,0.0,0.0,0.0,0.0,0.0,0.0,0.0
UC5.1.2E3,0.0,0.0,0.0,0.00046739892498237016,0.0,0.0,0.0,0.0,0.0,0.0,0.0018925056775170427,0.0,0.0,0.0,0.0
UMGS1045,0.0,0.0,0.0,0.0,0.0,0.0,0.0,0.0,0.0,0.0,0.0,0.0,0.0,0.0,0.0
UMGS1071,0.0005945303210462826,0.0003421142661648048,0.0,0.0016358962374386147,0.0,0.0,0.0,0.0008100445524503693,0.0009430403621274321,0.0009066183136898872,0.0018925056775170427,0.0,0.0011279962400125017,0.0,0.000796812749003983
UMGS1225,0.0,0.0,0.0,0.0,0.0,0.0,0.0,0.0,0.0,0.0,0.0,0.0,0.0,0.0,0.0
UMGS1241,0.0,0.0,0.0,0.0,0.0,0.0,0.0,0.0,0.0,0.0,0.0,0.0,0.0,0.0,0.0
UMGS1293,0.0,0.0,0.0,0.0,0.0,0.0,0.0,0.0,0.0,0.0,0.0,0.0,0.0,0.0,0.0
UMGS1312,0.0,0.0,0.0,0.00023369946249118508,0.0,0.0,0.0,0.0,0.0,0.0,0.0,0.0,0.0,0.0,0.0
UMGS1338,0.0,0.0,0.0,0.0,0.0,0.0,0.0,0.0,0.0,0.0,0.0,0.0,0.0,0.0,0.0
UMGS1370,0.0,0.0,0.0,0.0,0.0,0.0,0.0,0.0,0.0,0.0,0.0,0.0,0.0,0.0,0.0
UMGS1375,0.0,0.0006842285323297156,0.0018083182640143826,0.0,0.0,0.000563221627710437,0.0,0.0,0.0003772161448509519,0.0009066183136898872,0.0007570022710067961,0.0,0.00040733197555999773,0.001544401544401464,0.0
UMGS1441,0.0,0.0,0.0,0.0,0.0,0.0,0.0,0.0,0.0,0.0,0.0,0.0,0.0,0.0,0.0
UMGS1470,0.0,0.0,0.0,0.0,0.0,0.0,0.0,0.0,0.0,0.0,0.0,0.0,0.0,0.0,0.0
UMGS1477,0.0,0.0,0.0,0.0,0.0,0.0,0.0,0.0,0.0,0.0,0.0,0.0,0.0,0.0,0.0
UMGS1490,0.0,0.0,0.0,0.0,0.0,0.0,0.0,0.0,0.0,0.0,0.0,0.0,0.0,0.0,0.0
UMGS1491,0.0,0.0,0.0,0.0,0.0,0.0,0.0,0.0,0.0,0.0,0.0,0.0,0.0,0.0,0.0
UMGS1502,0.0,0.0,0.0,0.0,0.0,0.0,0.0,0.0,0.0,0.0,0.0,0.0,0.0,0.0,0.0
UMGS1537,0.0,0.0,0.0,0.00023369946249118508,0.0,0.0,0.0,0.0,0.0,0.0,0.0,0.0,0.0,0.0,0.0
UMGS1590,0.0,0.0,0.0,0.0,0.0014705882352940966,0.0,0.0,0.0,0.0,0.0,0.0,0.0,0.0,0.0,0.0
UMGS1600,0.0,0.0,0.0,0.02407104463659749,0.0,0.0,0.0,0.0,0.00018860807242542354,0.0,0.0,0.0,0.0,0.0,0.0
UMGS1603,0.0,0.0,0.0,0.00046739892498237016,0.0,0.0,0.0,0.0,0.0,0.0,0.0,0.0,0.0,0.0,0.0
UMGS1663,0.0,0.0,0.0,0.0,0.0,0.0,0.0,0.0,0.0,0.0,0.0,0.0,0.0,0.000772200772200732,0.0
UMGS1670,0.0,0.0,0.0,0.0,0.0,0.0,0.0,0.0008100445524503693,0.0,0.0,0.0007570022710067961,0.0,0.0,0.0,0.00026560424966795933
UMGS1688,0.0,0.0,0.0,0.0,0.0,0.0,0.0,0.0,0.0,0.0,0.0,0.0,0.0,0.0,0.0
UMGS1696,0.0,0.0,0.0018083182640143826,0.0,0.0,0.0,0.0,0.0,0.0,0.0,0.0,0.0,0.0,0.0,0.0
UMGS172,0.0,0.0,0.0,0.0,0.0,0.0,0.0,0.0,0.0,0.0,0.0,0.0,0.0,0.000772200772200732,0.0
UMGS1754,0.0,0.0,0.0,0.0,0.0,0.0,0.0,0.0,0.0,0.0,0.0,0.0,0.0,0.0,0.0
UMGS1781,0.0,0.0,0.0,0.0,0.0,0.0,0.0,0.0,0.0,0.0,0.0,0.0,0.0,0.0,0.0
UMGS1795,0.0,0.0,0.0,0.0,0.0,0.0,0.0,0.0,0.0,0.0,0.0,0.0,0.0,0.0,0.0
UMGS1820,0.0,0.0,0.0,0.0,0.0,0.0,0.0,0.0,0.0,0.0,0.0,0.0,0.0,0.0,0.0
UMGS1872,0.0,0.0,0.0,0.0007010983874736616,0.0,0.0,0.0,0.0,0.0,0.0,0.0007570022710067961,0.0,0.0,0.0,0.0
UMGS1901,0.0,0.0,0.0,0.0,0.0,0.0,0.0,0.0,0.0,0.0,0.0,0.0,0.0,0.0,0.0
UMGS1907,0.0,0.0,0.0,0.0,0.0,0.0,0.0,0.0,0.0,0.0,0.0,0.0,3.133322888923708e-05,0.0,0.0
UMGS1933,0.0,0.0,0.0,0.0,0.0,0.0,0.0,0.0,0.0,0.0,0.0,0.0,0.0,0.0,0.0
UMGS1975,0.0,0.0,0.0,0.00046739892498237016,0.0,0.0,0.0,0.0012150668286755022,0.0003772161448509519,0.0,0.00037850113550334547,0.0,0.0015979946733510005,0.0,0.0018592297476759253
UMGS1994,0.0,0.0,0.0,0.0,0.0,0.0,0.0,0.0,0.0,0.0,0.0,0.0,0.0,0.0,0.0
UMGS2016,0.0,0.0,0.0,0.0,0.0,0.0,0.0,0.0,0.0,0.0,0.0,0.0,0.0,0.0,0.0
UMGS2068,0.0,0.0,0.0,0.0,0.0,0.0,0.0,0.0,0.0,0.0,0.0,0.0,0.0,0.0,0.0
UMGS2069,0.0,0.0,0.0,0.0,0.0,0.0,0.0,0.0,0.0,0.0,0.0,0.0,0.0,0.0,0.0
UMGS2070,0.0,0.0,0.0,0.0,0.0,0.0,0.0,0.0,0.0,0.0,0.0,0.0,0.0,0.0,0.0
UMGS363,0.0,0.0,0.0,0.0,0.0,0.0,0.0,0.0,0.0,0.0,0.0,0.0,0.0,0.0,0.0
UMGS403,0.0,0.0,0.0,0.0,0.0,0.0,0.0,0.0,0.0,0.0,0.0,0.0,0.0,0.0,0.0
UMGS621,0.0,0.0,0.0,0.0,0.0,0.0,0.0,0.0,0.0032063372312334582,0.0,0.0,0.0,0.0,0.0,0.0
UMGS687,0.0,0.0,0.0,0.0,0.0,0.0,0.0,0.0,0.0,0.0,0.0,0.0,0.0,0.0,0.0
UMGS692,0.0,0.0,0.0,0.0,0.0,0.0,0.0,0.0,0.0,0.0,0.0,0.0,0.0,0.0,0.0
UMGS731,0.0,0.0,0.0,0.0,0.0,0.0,0.0,0.0,0.0,0.0,0.0,0.0,0.0,0.0,0.0
UMGS75,0.0,0.0,0.0,0.0,0.0,0.0,0.0,0.0,0.0,0.0,0.0,0.0,0.0,0.0,0.0
UMGS856,0.0,0.0,0.0,0.0,0.0,0.0,0.0,0.0,0.00018860807242542354,0.0,0.0,0.0,6.266645777847427e-05,0.0,0.0
UMGS902,0.0,0.0,0.0,0.0,0.0,0.0,0.0,0.0,0.0,0.0,0.0,0.0,0.0,0.0,0.0
UMGS911,0.0,0.0,0.0018083182640143826,0.0,0.0,0.0,0.0,0.0,0.0003772161448509519,0.0,0.0,0.0,0.0,0.0,0.0
UMGS929,0.0,0.0,0.0,0.0,0.0,0.0,0.0,0.0,0.0,0.0,0.0,0.0,0.0,0.0,0.0
UMGS946,0.0,0.0,0.0,0.0009347978499648467,0.0,0.0,0.0,0.0,0.0,0.0,0.0,0.0,0.0,0.0,0.0
UMGS951,0.0,0.0,0.0,0.0,0.0,0.0,0.0,0.0,0.0,0.0,0.0,0.0,0.0,0.0,0.0
UMGS973,0.0,0.0006842285323297156,0.0018083182640143826,0.0,0.0,0.0,0.0,0.0,0.0,0.0,0.0,0.0,0.0,0.0,0.0
UMGS995,0.0,0.0,0.0018083182640143826,0.0,0.0,0.0,0.0,0.0,0.0,0.0,0.0,0.0,0.0,0.0,0.0
Ureaplasma,0.0,0.0,0.0,0.0,0.0,0.0,0.0,0.0,0.0,0.0,0.0,0.0,0.0,0.0,0.0
Ureibacillus,0.0,0.0,0.0,0.0,0.0,0.0,0.0,0.0,0.0,0.0,0.0,0.0,0.0,0.0,0.0
Urinicoccus,0.0,0.0,0.0,0.0,0.0,0.0,0.0,0.0,0.0,0.0,0.0,0.0,0.0,0.0,0.0
V9D3004,0.0,0.0,0.0,0.0,0.0,0.0,0.0,0.0,0.0005658242172764802,0.0,0.0,0.0,0.0,0.0,0.0
Vagococcus,0.0,0.0,0.0,0.0,0.0,0.0,0.0,0.0,0.0,0.0,0.0,0.0,0.0,0.0,0.0
Vagococcus_A,0.0,0.0,0.0,0.0,0.0,0.0,0.0,0.0,0.0,0.0,0.0,0.0,0.0,0.0,0.0
Varibaculum,0.0,0.0,0.0,0.0,0.0,0.0,0.0,0.0,0.0,0.0,0.0,0.0,0.0,0.0,0.0
Variovorax,0.0,0.0,0.0,0.0,0.0,0.0,0.0,0.0,0.0,0.0,0.0,0.0,0.0,0.0,0.0
Veillonella,0.005945303210463755,0.031132398221005934,0.0018083182640143826,0.00046739892498237016,0.0,0.0,0.0,0.0,0.00018860807242542354,0.0018132366273798757,0.0007570022710067961,0.0,0.00018799937333539957,0.0,0.0
Veillonella_A,0.0,0.0,0.0,0.0,0.0,0.0,0.02681780481061657,0.0,0.0,0.0,0.0,0.0,0.0,0.0,0.0
Verruco.01,0.0,0.0,0.0,0.0,0.0,0.0,0.0,0.0,0.0,0.0,0.0,0.0,0.0,0.0,0.0
Vibrio,0.0,0.0,0.0,0.0,0.0,0.0,0.0,0.0,0.0,0.0,0.0,0.0,0.0,0.0,0.0
Victivallis,0.0,0.0,0.0,0.0,0.0,0.0,0.0,0.0,0.0,0.0,0.0,0.0,0.0,0.001544401544401464,0.000796812749003983
Virgibacillus,0.0,0.0,0.0,0.0,0.0,0.0,0.0,0.0,0.0,0.0,0.0,0.0,0.0,0.0,0.0
Viridibacillus,0.0,0.0,0.0,0.0,0.0,0.0,0.0,0.0,0.0,0.0,0.0,0.0,0.0,0.0,0.0
Vitreoscilla,0.0,0.0,0.0,0.0,0.0,0.0,0.0,0.0,0.0,0.0,0.0,0.0,0.0,0.0,0.0
Vogesella,0.0,0.0,0.0,0.0,0.0,0.0,0.0,0.0,0.0,0.0,0.0,0.0,0.0,0.0,0.0
VUNA01,0.0,0.0,0.0,0.0,0.0,0.0,0.0,0.0,0.0,0.0,0.0,0.0,0.0,0.0,0.0
W5053,0.0,0.0,0.0,0.0,0.0,0.0,0.0,0.0,0.0,0.0,0.0,0.0,0.0,0.0,0.0
Weissella,0.0,0.0,0.0,0.0,0.0,0.0,0.0,0.0,0.0,0.0,0.0,0.0,0.0,0.0,0.0
Weizmannia,0.0,0.0,0.0,0.0,0.0,0.0,0.0,0.0,0.0,0.0,0.0,0.0,0.0,0.0,0.0
Williamsia,0.0,0.0,0.0,0.0,0.0,0.0,0.0,0.0,0.0,0.0,0.0,0.0,0.0,0.0,0.0
Winkia,0.0,0.0,0.0,0.0,0.0,0.0,0.0,0.0,0.0,0.0,0.0,0.0,0.0,0.0,0.0
Wohlfahrtiimonas,0.0,0.0,0.0,0.0,0.0,0.0,0.0,0.0,0.0,0.0,0.0,0.0,0.0,0.0,0.0
Xanthomonas,0.0,0.0,0.0,0.0,0.0,0.0,0.0,0.0,0.0,0.0,0.0,0.0,0.0,0.0,0.0
Xanthomonas_B,0.0,0.0,0.0,0.0,0.0,0.0,0.0,0.0,0.0,0.0,0.0,0.0,0.0,0.0,0.0
Xenorhabdus,0.0,0.0,0.0,0.0,0.0,0.0,0.0,0.0,0.0,0.0,0.0,0.0,0.0,0.0,0.0
Yersinia,0.0,0.0,0.0,0.0,0.0,0.0,0.0,0.0,0.0,0.0,0.0,0.0,0.0,0.0,0.0
Yokenella,0.0,0.0,0.0,0.0,0.0,0.0,0.0,0.0,0.0,0.0,0.0,0.0,0.0,0.0,0.0
Zag1,0.0,0.0,0.0,0.0,0.0,0.0,0.0,0.0,0.0,0.0,0.0,0.0,0.0,0.0,0.0
Zag111,0.0,0.0,0.0,0.0,0.0,0.0,0.0,0.0,0.0,0.0,0.0,0.0,0.0,0.0,0.0
Zymomonas,0.0,0.0,0.0,0.0,0.0,0.0,0.0,0.0,0.0,0.0,0.0,0.0,0.0,0.0,0.0
